발전원,발전소명,단위용량,대수,용량,준공,형식,연료,"보일러(NSSS)
제작사","터빈(수차)
제작사",발전기 제작사,발전회사,정격전압,용도별,회원,시장,급전,"소재지 및
주요생산품목(상용자가)"
기력,강릉안인#1,1040000,1,1040000,2022.10,기력,유연탄,두산중공업,두산중공업,두산중공업,강릉에코파워㈜,30kV,사업용,정회원,시장,중앙,강원도 강릉시 강동면
기력,강릉안인#2,1040000,1,1040000,2022.10,기력,유연탄,두산중공업,두산중공업,두산중공업,강릉에코파워㈜,30kV,사업용,정회원,시장,중앙,강원도 강릉시 강동면
기력,고성#1,1040000,1,1040000,2021.5,기력,유연탄,두산중공업,두산중공업,두산중공업,고성그린파워㈜,30kV,사업용,정회원,시장,중앙,경남 고성군 하이면
기력,고성#2,1040000,1,1040000,2021.10,기력,유연탄,두산중공업,두산중공업,두산중공업,고성그린파워㈜,30kV,사업용,정회원,시장,중앙,경남 고성군 하이면
기력,남제주#1,100000,1,100000,2006.9,신재생,바이오중유,두산중공업,Mitsubish,Mitsubish,남부발전㈜,13.8kV,사업용,정회원,시장,중앙,제주 서귀포시 안덕면
기력,남제주#2,100000,1,100000,2007.3,신재생,바이오중유,두산중공업,Mitsubish,Mitsubish,남부발전㈜,13.8kV,사업용,정회원,시장,중앙,제주 서귀포시 안덕면
기력,당진#1,500000,1,500000,1999.6,기력,유연탄,한중/CE,한중/CE,한중/CE,동서발전㈜,22kV,사업용,정회원,시장,중앙,충남 당진시 석문면
기력,당진#10,1020000,1,1020000,2016.9,기력,유연탄,MHPS,MHPS,MHPS,동서발전㈜,27kV,사업용,정회원,시장,중앙,충남 당진시 석문면
기력,당진#2,500000,1,500000,1999.12,기력,유연탄,한중/CE,한중/CE,한중/CE,동서발전㈜,22kV,사업용,정회원,시장,중앙,충남 당진시 석문면
기력,당진#3,500000,1,500000,2000.9,기력,유연탄,한중/CE,한중/CE,한중/CE,동서발전㈜,22kV,사업용,정회원,시장,중앙,충남 당진시 석문면
기력,당진#4,500000,1,500000,2001.3,기력,유연탄,한중/CE,한중/CE,한중/CE,동서발전㈜,22kV,사업용,정회원,시장,중앙,충남 당진시 석문면
기력,당진#5,500000,1,500000,2005.9,기력,유연탄,두산중공업,두산중공업,두산중공업,동서발전㈜,22kV,사업용,정회원,시장,중앙,충남 당진시 석문면
기력,당진#6,500000,1,500000,2006.3,기력,유연탄,두산중공업,두산중공업,두산중공업,동서발전㈜,22kV,사업용,정회원,시장,중앙,충남 당진시 석문면
기력,당진#7,500000,1,500000,2007.6,기력,유연탄,두산중공업,두산중공업,두산중공업,동서발전㈜,22kV,사업용,정회원,시장,중앙,충남 당진시 석문면
기력,당진#8,500000,1,500000,2007.12,기력,유연탄,두산중공업,두산중공업,두산중공업,동서발전㈜,22kV,사업용,정회원,시장,중앙,충남 당진시 석문면
기력,당진#9,1020000,1,1020000,2016.7,기력,유연탄,MHPS,MHPS,MHPS,동서발전㈜,27kV,사업용,정회원,시장,중앙,충남 당진시 석문면
기력,동해#1,200000,1,200000,1998.9,기력,무연탄,ABB-CE,한중/GE,한중/GE,동서발전㈜,20kV,사업용,정회원,시장,중앙,강원 동해시 구호동
기력,동해#2,200000,1,200000,1999.9,기력,무연탄,한중/CE,한중/GE,한중/GE,동서발전㈜,20kV,사업용,정회원,시장,중앙,강원 동해시 구호동
기력,보령#3,550000,1,550000,1993.4,기력,유연탄,한중/ABBCE,한중/GE,한중/GE,중부발전㈜,22kV,사업용,정회원,시장,중앙,충남 보령군 오천면 오포
기력,보령#4,500000,1,500000,1993.6,기력,유연탄,한중/ABBCE,한중/GE,한중/GE,중부발전㈜,22kV,사업용,정회원,시장,중앙,충남 보령군 오천면 오포
기력,보령#5,500000,1,500000,1993.12,기력,유연탄,한중/ABBCE,한중/GE,한중/GE,중부발전㈜,22kV,사업용,정회원,시장,중앙,충남 보령군 오천면 오포
기력,보령#6,500000,1,500000,1994.4,기력,유연탄,한중/ABBCE,한중/GE,한중/GE,중부발전㈜,22kV,사업용,정회원,시장,중앙,충남 보령군 오천면 오포
기력,보령#7,500000,1,500000,2008.6,기력,유연탄,두산중공업,두산중공업,두산중공업,중부발전㈜,22kV,사업용,정회원,시장,중앙,충남 보령군 오천면 오포
기력,보령#8,500000,1,500000,2008.12,기력,유연탄,두산중공업,두산중공업,두산중공업,중부발전㈜,22kV,사업용,정회원,시장,중앙,충남 보령군 오천면 오포
기력,북평#1,595000,1,595000,2017.3,기력,유연탄,BHI,MHPS,MHPS,㈜GS 동해전력,22kV,사업용,정회원,시장,중앙,강원 동해시 공단4로
기력,북평#2,595000,1,595000,2017.8,기력,유연탄,BHI,MHPS,MHPS,㈜GS 동해전력,22kV,사업용,정회원,시장,중앙,강원 동해시 공단4로
기력,삼척그린파워 #1,1022000,1,1022000,2016.12,기력,유연탄,FosterWheeler+ 한솔신텍,도시바,도시바,남부발전㈜,27kV,사업용,정회원,시장,중앙,강원 삼척시 원덕읍
기력,삼척그린파워 #2,1022000,1,1022000,2017.6,기력,유연탄,FosterWheeler+ 한솔신텍,도시바,도시바,남부발전㈜,27kV,사업용,정회원,시장,중앙,강원 삼척시 원덕읍
기력,삼천포#3,560000,1,560000,1993.4,기력,유연탄,한중/ABBCE,한중/ABBGE,한중,남동발전㈜,22kV,사업용,정회원,시장,중앙,경남 고성군 하이면 덕호리
기력,삼천포#4,560000,1,560000,1994.3,기력,유연탄,한중/ABBCE,한중/ABBGE,한중,남동발전㈜,22kV,사업용,정회원,시장,중앙,경남 고성군 하이면 덕호리
기력,삼천포#5,500000,1,500000,1997.7,기력,유연탄,한중,한중,한중,남동발전㈜,22kV,사업용,정회원,시장,중앙,경남 고성군 하이면 덕호리
기력,삼천포#6,500000,1,500000,1998.1,기력,유연탄,한중,한중,한중,남동발전㈜,22kV,사업용,정회원,시장,중앙,경남 고성군 하이면 덕호리
기력,신보령#1,1019029,1,1019029,2017.6,기력,유연탄,두산중공업,두산중공업,두산중공업,중부발전㈜,30kV,사업용,정회원,시장,중앙,충남 보령시 오천면
기력,신보령#2,1019029,1,1019029,2017.9,기력,유연탄,두산중공업,두산중공업,두산중공업,중부발전㈜,30kV,사업용,정회원,시장,중앙,충남 보령시 오천면
기력,신서천#1,1018000,1,1018000,2021.6,기력,유연탄,두산중공업,두산중공업,두산중공업,중부발전㈜,30kV,사업용,정회원,시장,중앙,충남 서천군 서면
기력,여수#1,340000,1,340000,2016.8,기력,유연탄,두산중공업,두산중공업,두산중공업,남동발전㈜,20kV,사업용,정회원,시장,중앙,전남 여수시 증흥동
기력,여수#2,328600,1,328600,1977.7(2011.9),기력,유연탄,B&W(영),Mitsubishi,Melco(일),남동발전㈜,20kV,사업용,정회원,시장,중앙,전남 여수시 증흥동
기력,영동#2,200000,1,200000,1979.10,신재생,바이오,Hitachi,Hitachi,Hitachi,남동발전㈜,21kV,사업용,정회원,시장,중앙,강원 강릉시 강동면
기력,영흥#1,800000,1,800000,2004.7,기력,유연탄,두산중공업/ABB,두산중공업/GE,두산중공업/GE,남동발전㈜,25kV,사업용,정회원,시장,중앙,인천 옹진군 영흥면
기력,영흥#2,800000,1,800000,2004.11,기력,유연탄,두산중공업/ABB,두산중공업/GE,두산중공업/GE,남동발전㈜,25kV,사업용,정회원,시장,중앙,인천 옹진군 영흥면
기력,영흥#3,870000,1,870000,2008.6,기력,유연탄,두산중공업,Hitachi,Hitachi,남동발전㈜,25kV,사업용,정회원,시장,중앙,인천 옹진군 영흥면
기력,영흥#4,870000,1,870000,2008.12,기력,유연탄,두산중공업,Hitachi,Hitachi,남동발전㈜,25kV,사업용,정회원,시장,중앙,인천 옹진군 영흥면
기력,영흥#5,870000,1,870000,2014.6,기력,유연탄,두산중공업,Hitachi,Hitachi,남동발전㈜,25kV,사업용,정회원,시장,중앙,인천 옹진군 영흥면
기력,영흥#6,870000,1,870000,2014.11,기력,유연탄,두산중공업,Hitachi,Hitachi,남동발전㈜,25kV,사업용,정회원,시장,중앙,인천 옹진군 영흥면
기력,울산#4,400000,1,400000,1980.10,기력,중유,Steinmuller(독),BBC(스),BBC(스),동서발전㈜,19kV,사업용,정회원,시장,중앙,울산 남구 남화동
기력,울산#5,400000,1,400000,1980.10,기력,중유,Steinmuller(독),BBC(스),BBC(스),동서발전㈜,19kV,사업용,정회원,시장,중앙,울산 남구 남화동
기력,울산#6,400000,1,400000,1981.1,기력,중유,Steinmuller(독),BBC(스),BBC(스),동서발전㈜,19kV,사업용,정회원,시장,중앙,울산 남구 남화동
기력,제주#2,75000,1,75000,2000.3,신재생,바이오중유,한중,Fuji,Fuji,중부발전㈜,13.8kV,사업용,정회원,시장,중앙,제주 제주시 삼양동
기력,제주#3,75000,1,75000,2000.12,신재생,바이오중유,한중,Fuji,Fuji,중부발전㈜,13.8kV,사업용,정회원,시장,중앙,제주 제주시 삼양동
기력,태안#1,500000,1,500000,1995.6,기력,유연탄,한중/ABBCE,한중/GE,한중/GE,서부발전㈜,22kV,사업용,정회원,시장,중앙,충남 태안군 원북면 방갈리
기력,태안#10,1050000,1,1050000,2017.6,기력,유연탄,MHPS,MHPS,MHPS,서부발전㈜,27kV,사업용,정회원,시장,중앙,충남 태안군 원북면 방갈리
기력,태안#2,500000,1,500000,1995.12,기력,유연탄,한중/ABBCE,한중/GE,한중/GE,서부발전㈜,22kV,사업용,정회원,시장,중앙,충남 태안군 원북면 방갈리
기력,태안#3,500000,1,500000,1997.3,기력,유연탄,한중/ABBCE,한중/GE,한중/GE,서부발전㈜,22kV,사업용,정회원,시장,중앙,충남 태안군 원북면 방갈리
기력,태안#4,500000,1,500000,1997.8,기력,유연탄,한중/ABBCE,한중/GE,한중/GE,서부발전㈜,22kV,사업용,정회원,시장,중앙,충남 태안군 원북면 방갈리
기력,태안#5,500000,1,500000,2001.10,기력,유연탄,두중/IHI,현중/WH,현중/WH,서부발전㈜,22kV,사업용,정회원,시장,중앙,충남 태안군 원북면 방갈리
기력,태안#6,500000,1,500000,2002.5,기력,유연탄,두중/IHI,현중/WH,현중/WH,서부발전㈜,22kV,사업용,정회원,시장,중앙,충남 태안군 원북면 방갈리
기력,태안#7,500000,1,500000,2007.2,기력,유연탄,두산중공업,두산중공업,두산중공업,서부발전㈜,22kV,사업용,정회원,시장,중앙,충남 태안군 원북면 방갈리
기력,태안#8,500000,1,500000,2007.8,기력,유연탄,두산중공업,두산중공업,두산중공업,서부발전㈜,22kV,사업용,정회원,시장,중앙,충남 태안군 원북면 방갈리
기력,태안#9,1050000,1,1050000,2016.10,기력,유연탄,MHPS,MHPS,MHPS,서부발전㈜,27kV,사업용,정회원,시장,중앙,충남 태안군 원북면 방갈리
기력,평택#1,350000,1,350000,1980.4,기력,LNG,Babcock Hitachi,Hitachi,Hitachi,서부발전㈜,19kV,사업용,정회원,시장,중앙,경기 평택시 포승면
기력,평택#2,350000,1,350000,1980.6,기력,LNG,Babcock Hitachi,Hitachi,Hitachi,서부발전㈜,19kV,사업용,정회원,시장,중앙,경기 평택시 포승면
기력,평택#3,350000,1,350000,1983.5,기력,LNG,Babcock Hitachi,Hitachi,Hitachi,서부발전㈜,19kV,사업용,정회원,시장,중앙,경기 평택시 포승면
기력,평택#4,350000,1,350000,1983.8,기력,LNG,Babcock Hitachi,Hitachi,Hitachi,서부발전㈜,19kV,사업용,정회원,시장,중앙,경기 평택시 포승면
기력,하동#1,500000,1,500000,1997.7,기력,유연탄,한중/CE,한중/GE,한중/GE,남부발전㈜,22kV,사업용,정회원,시장,중앙,경남 하동군 금성면
기력,하동#2,500000,1,500000,1997.11,기력,유연탄,한중/CE,한중/GE,한중/GE,남부발전㈜,22kV,사업용,정회원,시장,중앙,경남 하동군 금성면
기력,하동#3,500000,1,500000,1998.6,기력,유연탄,한중/CE,한중/GE,한중/GE,남부발전㈜,22kV,사업용,정회원,시장,중앙,경남 하동군 금성면
기력,하동#4,500000,1,500000,1999.3,기력,유연탄,한중/CE,한중/GE,한중/GE,남부발전㈜,22kV,사업용,정회원,시장,중앙,경남 하동군 금성면
기력,하동#5,500000,1,500000,2000.7,기력,유연탄,한중/CE,한중/GE,한중/GE,남부발전㈜,22kV,사업용,정회원,시장,중앙,경남 하동군 금성면
기력,하동#6,500000,1,500000,2001.7,기력,유연탄,한중/CE,한중/GE,한중/GE,남부발전㈜,22kV,사업용,정회원,시장,중앙,경남 하동군 금성면
기력,하동#7,500000,1,500000,2008.12,기력,유연탄,한중/CE,한중/GE,한중/GE,남부발전㈜,22kV,사업용,정회원,시장,중앙,경남 하동군 금성면
기력,하동#8,500000,1,500000,2009.5,기력,유연탄,한중/CE,한중/GE,한중/GE,남부발전㈜,22kV,사업용,정회원,시장,중앙,경남 하동군 금성면
내연력,가거도,500,1,500,2016.12,내연,경유,-,STX,보국전기,한국전력,"""""",사업용,비회원,시장외,비중앙,전남 신안군 흑산면 가거도리
내연력,가거도,500,2,1000,2012.06,내연,경유,"""""",쌍용,현대중전기,한국전력,"""""",사업용,비회원,시장외,비중앙,전남 신안군 흑산면 가거도리
내연력,가거도,300,1,300,2018.11,내연,경유,"""""",쌍용,현대중전기,한국전력,"""""",사업용,비회원,시장외,비중앙,전남 신안군 흑산면 가거도리
내연력,가의도,80,3,240,1996.7,내연,경유,-,쌍용 CUMMINS,현대전기,한국전력,"""""",사업용,비회원,시장외,비중앙,충남 태안군 근흥면 가의도리
내연력,가파도,150,3,450,1993.2,내연,경유,-,쌍용중공업,현대중전기,한국전력,"""""",사업용,비회원,시장외,비중앙,제주 서귀포시 대정읍 가파리
내연력,개야도,250,2,500,1994.3,내연,경유,-,쌍용 NIIGATA,현대중전기,한국전력,"""""",사업용,비회원,시장외,비중앙,전북 군산시 옥도면 개야도리
내연력,개야도,500,2,1000,2006.9,내연,경유,"""""",STX,보국전기,한국전력,"""""",사업용,비회원,시장외,비중앙,전북 군산시 옥도면 개야도리
내연력,거문도,1000,2,2000,1989.4,내연,경유,-,Man B&W,현대중전기,한국전력,"""""",사업용,비회원,시장외,비중앙,전남 여수시 삼산면 덕촌리
내연력,거문도,500,1,500,1997.7,내연,경유,-,쌍용중공업(Man B&W),보국전기,한국전력,"""""",사업용,비회원,시장외,비중앙,전남 여수시 삼산면 덕촌리
내연력,거문도,1000,2,2000,2005.8,내연,경유,-,STX(Man B&W),효성중공업,한국전력,"""""",사업용,비회원,시장외,비중앙,전남 여수시 삼산면 덕촌리
내연력,고대도,100,1,100,1996.4,내연,경유,-,쌍용(CUMMINS),현대중전기,한국전력,"""""",사업용,비회원,시장외,비중앙,충남 보령시 오천면
내연력,고대도,150,2,300,1996.4,내연,경유,"""""",쌍용(CUMMINS),현대중전기,한국전력,"""""",사업용,비회원,시장외,비중앙,충남 보령시 오천면
내연력,구자도,80,3,240,2007.4,내연,경유,-,STX(CUMMINS),보국전기,한국전력,"""""",사업용,비회원,시장외,비중앙,전남 진도군 의신면
내연력,낙월도,250,3,750,1994.5,내연,경유,-,쌍용 NIIGATA,현대중전기,한국전력,"""""",사업용,비회원,시장외,비중앙,전남 영광군 낙월면
내연력,녹도,80,2,160,1996.1,내연,경유,-,두산 LISTERPETTER,보국전기,한국전력,"""""",사업용,비회원,시장외,비중앙,충남 보령시 오천면
내연력,녹도,100,1,100,2011.5,내연,경유,-,CUMMINS,보국전기,한국전력,"""""",사업용,비회원,시장외,비중앙,충남 보령시 오천면
내연력,대청도,450,1,450,1995.2,내연,경유,-,쌍용중공업,현대중전기,한국전력,"""""",사업용,비회원,시장외,비중앙,인천 옹진군 대청면 대청리
내연력,대청도,500,1,500,2006.8,내연,경유,-,STX(Man B&W),효성중공업,한국전력,"""""",사업용,비회원,시장외,비중앙,인천 옹진군 대청면 대청리
내연력,대청도,1300,2,2600,2011.3,내연,경유,-,현대중공업,보국전기,한국전력,"""""",사업용,비회원,시장외,비중앙,인천 옹진군 대청면 대청리
내연력,덕우도,80,3,240,1996.5,내연,경유,-,RISTERPETTER 대우,보국전기,한국전력,"""""",사업용,비회원,시장외,비중앙,전남 완도군 생일면 봉선리
내연력,덕우도,150,1,150,2000.10,내연,경유,-,쌍용중공업(CUMMINS),보국전기,한국전력,"""""",사업용,비회원,시장외,비중앙,전남 완도군 생일면 봉선리
내연력,덕적도,300,3,900,1989.8,내연,경유,-,Niigata,효성중공업,한국전력,"""""",사업용,비회원,시장외,비중앙,인천 옹진군 덕적면
내연력,덕적도,500,1,500,1997.7,내연,경유,-,쌍용중공업(Man B&W),보국전기,한국전력,"""""",사업용,비회원,시장외,비중앙,인천 옹진군 덕적면
내연력,덕적도,500,1,500,2001.6,내연,경유,-,현대중공업(Man B&W),현대중전기,한국전력,"""""",사업용,비회원,시장외,비중앙,인천 옹진군 덕적면
내연력,덕적도,500,2,1000,2005.6,내연,경유,-,STX(Man B&W),현대중전기,한국전력,"""""",사업용,비회원,시장외,비중앙,인천 옹진군 덕적면
내연력,독거도,80,1,80,2004.11,내연,경유,-,STX(CUMMINS),보국전기,한국전력,"""""",사업용,비회원,시장외,비중앙,전남 진도군 조도면
내연력,독거도,40,2,80,2010.10,내연,경유,-,현대중공업,보국전기,한국전력,"""""",사업용,비회원,시장외,비중앙,전남 진도군 조도면
내연력,득량도,100,3,300,1994.6,내연,경유,-,쌍용 NIIGATA,현대중전기,한국전력,"""""",사업용,비회원,시장외,비중앙,전남 고흥군 도양읍
내연력,마라도,300,1,300,2011.11,내연,경유,-,두산중공업,유엔테크,한국전력,"""""",사업용,비회원,시장외,비중앙,제주 서귀포시 대정읍
내연력,마라도,200,1,200,2011.11,내연,경유,-,두산중공업,비케이에이치,한국전력,"""""",사업용,비회원,시장외,비중앙,제주 서귀포시 대정읍
내연력,마라도,200,1,200,2013.6,내연,경유,-,두산중공업,EAST POWER,한국전력,"""""",사업용,비회원,시장외,비중앙,제주 서귀포시 대정읍
내연력,매물도,150,3,450,1994.3,내연,경유,-,광양 YANMAR,보국전기,한국전력,"""""",사업용,비회원,시장외,비중앙,경남 통영시 한산면
내연력,문갑도,80,3,240,2004.1,내연,경유,-,쌍용(CUMMINS),현대중전기,한국전력,"""""",사업용,비회원,시장외,비중앙,인천 옹진군 덕적면
내연력,백령도,1500,3,4500,1999.12,내연,경유,-,쌍용중공업(Man B&W),보국전기,한국전력,"""""",사업용,비회원,시장외,비중앙,인천시 옹진군 백령면
내연력,백령도,1500,1,1500,2001.6,내연,경유,-,현대중공업(Man B&W),현대중전기,한국전력,"""""",사업용,비회원,시장외,비중앙,인천시 옹진군 백령면
내연력,백령도,1500,2,3000,2003.7,내연,경유,-,STX,효성중공업,한국전력,"""""",사업용,비회원,시장외,비중앙,인천시 옹진군 백령면
내연력,백령도,3000,2,6000,2013.3,내연,경유,-,현대중공업(HIMSEN),현대중전기,한국전력,"""""",사업용,비회원,시장외,비중앙,인천시 옹진군 백령면
내연력,비안도,150,3,450,1994.3,내연,경유,-,광양중공업,보국전기,한국전력,"""""",사업용,비회원,시장외,비중앙,전북 군산시 옥도면 비안도리
내연력,비양도,80,3,240,1996.4,내연,경유,-,RISTERPETTER,보국전기,한국전력,"""""",사업용,비회원,시장외,비중앙,제주 제주시 한림읍 협재리
내연력,삽시도,500,2,1000,1993.2,내연,경유,-,쌍용중공업,현대중공업,한국전력,"""""",사업용,비회원,시장외,비중앙,충남 보령시 오천면 삽시도리
내연력,삽시도,300,2,600,2006.9,내연,경유,"""""",STX,보국전기,한국전력,"""""",사업용,비회원,시장외,비중앙,충남 보령시 오천면 삽시도리
내연력,상화도,80,1,80,2006.7,내연,경유,-,두산중공업,보국전기,한국전력,"""""",사업용,비회원,시장외,비중앙,전남 여수시 화정면
내연력,상화도,80,1,80,2006.12,내연,경유,-,두산중공업,보국전기,한국전력,"""""",사업용,비회원,시장외,비중앙,전남 여수시 화정면
내연력,상화도,80,1,80,2008.12,내연,경유,-,두산중공업,보국전기,한국전력,"""""",사업용,비회원,시장외,비중앙,전남 여수시 화정면
내연력,성남도,80,1,80,2004.12,내연,경유,-,STX(CUMMINS),보국전기,한국전력,"""""",사업용,비회원,시장외,비중앙,전남 진도군 조도면
내연력,성남도,40,2,80,2010.4,내연,경유,-,현대중공업,보국전기,한국전력,"""""",사업용,비회원,시장외,비중앙,전남 진도군 조도면
내연력,소연평도,250,2,500,2002.12,내연,경유,-,CUMMINS,보국전기,한국전력,"""""",사업용,비회원,시장외,비중앙,인천 옹진군 연평면
내연력,소연평도,100,1,100,2002.12,내연,경유,-,두산중공업,보국전기,한국전력,"""""",사업용,비회원,시장외,비중앙,인천 옹진군 연평면
내연력,소청도,800,3,2400,1995.1,내연,경유,-,쌍용중공업,현대중전기,한국전력,"""""",사업용,비회원,시장외,비중앙,인천 옹진군 대청면 소청리
내연력,손죽도,100,3,300,1994.6,내연,경유,-,쌍용 (Niigata),현대,한국전력,"""""",사업용,비회원,시장외,비중앙,전남 여수시 삼산면
내연력,송이도,100,2,200,1996.1,내연,경유,-,LISTERPETTER 대우중공업,보국전기,한국전력,"""""",사업용,비회원,시장외,비중앙,전남 영광군 낙월면
내연력,송이도,100,1,100,2011.5,내연,경유,-,두산인프라코어 CUMMINS,보국전기,한국전력,"""""",사업용,비회원,시장외,비중앙,전남 영광군 낙월면
내연력,수우도,80,1,80,1996.6,내연,경유,-,쌍용(CUMMINS),현대중전기,한국전력,"""""",사업용,비회원,시장외,비중앙,경남 통영시 사량면
내연력,수우도,40,2,80,2008.6,내연,경유,"""""",현대중공업,현대중공업,한국전력,"""""",사업용,비회원,시장외,비중앙,경남 통영시 사량면
내연력,슬도,80,3,240,2006.11,내연,경유,-,STX(CUMMINS),보국전기,한국전력,"""""",사업용,비회원,시장외,비중앙,전남 진도군 조도면
내연력,승봉도,150,3,450,1994.12,내연,경유,-,쌍용중공업,현대중전기,한국전력,"""""",사업용,비회원,시장외,비중앙,인천 옹진군 자월면
내연력,승봉도,500,1,500,2004.7,내연,경유,"""""",STX,보국전기,한국전력,"""""",사업용,비회원,시장외,비중앙,인천 옹진군 자월면
내연력,승봉도,500,2,1000,2008.1,내연,경유,"""""",현대중공업,보국전기,한국전력,"""""",사업용,비회원,시장외,비중앙,인천 옹진군 자월면
내연력,시산도,250,3,750,1994.8,내연,경유,-,쌍용 NIIGATA,현대중전기,한국전력,"""""",사업용,비회원,시장외,비중앙,전남 고흥군 도양읍
내연력,어룡도,80,3,240,2006.12,내연,경유,-,(CUMMINS),보국전기,한국전력,"""""",사업용,비회원,시장외,비중앙,전남 완도군 노화읍
내연력,어의도,80,1,80,1996.1,내연,경유,-,LISTER PETTER,보국전기,한국전력,"""""",사업용,비회원,시장외,비중앙,경남 통영시 용남면
내연력,어의도,40,2,80,1996.1,내연,경유,"""""",LISTER PETTER,보국전기,한국전력,"""""",사업용,비회원,시장외,비중앙,경남 통영시 용남면
내연력,어청도,150,1,150,1994.2,내연,경유,-,쌍용중공업,현대중전기,한국전력,"""""",사업용,비회원,시장외,비중앙,전북 군산시 옥도면 어청도리
내연력,어청도,300,2,600,2007.7,내연,경유,-,STX(NIIGATA),보국전기,한국전력,"""""",사업용,비회원,시장외,비중앙,전북 군산시 옥도면 어청도리
내연력,어청도,500,1,500,2012.8,내연,경유,-,STX,보국전기,한국전력,"""""",사업용,비회원,시장외,비중앙,전북 군산시 옥도면 어청도리
내연력,여서도,80,3,240,1996.7,내연,경유,-,쌍용중공업,현대중전기,한국전력,"""""",사업용,비회원,시장외,비중앙,전남 완도군 청산면 여서리
내연력,여자도,150,3,450,1994.4,내연,경유,-,쌍용 NIIGATA,현대중전기,한국전력,"""""",사업용,비회원,시장외,비중앙,전남 여수시 화정면
내연력,연도,200,2,400,2012.6,내연,경유,-,RISTERPETTER,보국전기,한국전력,"""""",사업용,비회원,시장외,비중앙,전북 군산시 옥도면 연도리
내연력,연도,200,1,200,2012.6,내연,경유,-,CUMMINS,보국전기,한국전력,"""""",사업용,비회원,시장외,비중앙,전북 군산시 옥도면 연도리
내연력,연평도,1000,2,2000,2005.7,내연,경유,-,STX(Man B&W),보국전기,한국전력,"""""",사업용,비회원,시장외,비중앙,인천 옹진군 연평면 연평리
내연력,연평도,1900,3,5700,2011.7,내연,경유,-,현대중공업,보국전기,한국전력,"""""",사업용,비회원,시장외,비중앙,인천 옹진군 연평면 연평리
내연력,영산도,80,3,240,2015.11,내연,경유,-,CUMMINS,현대중공업,한국전력,"""""",사업용,비회원,시장외,비중앙,전남 신안군 흑산면
내연력,왕등도,80,3,240,2006.4,내연,경유,-,CUMMINS,보국전기,한국전력,"""""",사업용,비회원,시장외,비중앙,전남 부안군 위도면
내연력,외도,80,2,160,2015.11,내연,경유,-,CUMMINS,보국전기,한국전력,"""""",사업용,비회원,시장외,비중앙,충남 태안군 안면읍
내연력,외도,60,1,60,2015.11,내연,경유,-,CUMMINS,보국전기,한국전력,"""""",사업용,비회원,시장외,비중앙,충남 태안군 안면읍
내연력,외연도,150,3,450,1994.8,내연,경유,-,쌍용중공업,현대중전기,한국전력,"""""",사업용,비회원,시장외,비중앙,충남 보령시 오천면 외연도리
내연력,외연도,300,1,300,2004.7,내연,경유,"""""",STX,보국전기,한국전력,"""""",사업용,비회원,시장외,비중앙,충남 보령시 오천면 외연도리
내연력,울도,80,3,240,2003.3,내연,경유,-,현대중공업,보국전기,한국전력,"""""",사업용,비회원,시장외,비중앙,인천 옹진군 덕적면
내연력,울릉도,1000,2,2000,1986.6,내연,경유,-,Niigata,효성중공업,한국전력,"""""",사업용,비회원,시장외,비중앙,경북 울릉군 울릉읍 서면
내연력,울릉도,1500,2,3000,1996.8,내연,경유,-,쌍용중공업(Man B&W),효성중공업,한국전력,"""""",사업용,비회원,시장외,비중앙,경북 울릉군 울릉읍 서면
내연력,울릉도,1500,1,1500,2002.9,내연,경유,-,STX(Man B&W),현대중공업,한국전력,"""""",사업용,비회원,시장외,비중앙,경북 울릉군 울릉읍 서면
내연력,울릉도,3000,2,6000,2007.12,내연,경유,-,STX(Man B&W),현대중공업,한국전력,"""""",사업용,비회원,시장외,비중앙,경북 울릉군 울릉읍 서면
내연력,울릉도,3000,2,6000,2011.12,내연,경유,-,현대중공업,현대중공업,한국전력,"""""",사업용,비회원,시장외,비중앙,경북 울릉군 울릉읍 서면
내연력,위도,450,3,1350,1993.2,내연,경유,-,Sulzzer,현대중전기,한국전력,"""""",사업용,비회원,시장외,비중앙,전북 부안군 위도면 진리
내연력,위도,500,1,500,2002.8,내연,경유,-,STX(Man B&W),현대중공업,한국전력,"""""",사업용,비회원,시장외,비중앙,전북 부안군 위도면 진리
내연력,위도,1000,1,1000,2003.6,내연,경유,-,STX(Man B&W),효성,한국전력,"""""",사업용,비회원,시장외,비중앙,전북 부안군 위도면 진리
내연력,자월도,150,1,150,1993.1,내연,경유,-,쌍용중공업,현대중전기,한국전력,"""""",사업용,비회원,시장외,비중앙,인천 옹진군 자월면 자월리
내연력,자월도,500,3,1500,2004.9,내연,경유,-,STX,보국전기,한국전력,"""""",사업용,비회원,시장외,비중앙,인천 옹진군 자월면 자월리
내연력,장고도,150,3,450,1996.1,내연,경유,-,쌍용(CUMMINS),현대중전기,한국전력,"""""",사업용,비회원,시장외,비중앙,충남 보령시 오천면
내연력,제주내연 #1,40000,1,40000,2005.6,내연,중유,-,두산엔진,Alstom,중부발전㈜,"""""",사업용,정회원,시장,중앙,제주 제주시 삼양동
내연력,제주내연 #2,40000,1,40000,2009.6,내연,중유,-,두산엔진,Alstom,중부발전㈜,"""""",사업용,정회원,시장,중앙,제주 제주시 삼양동
내연력,조도,500,2,1000,1996.10,내연,경유,-,쌍용중공업(Man B&W),효성중공업,한국전력,"""""",사업용,비회원,시장외,비중앙,전남 진도군 조도면
내연력,조도,800,2,1600,2008.5,내연,경유,-,현대중공업(HIMSEN),효성중공업,한국전력,"""""",사업용,비회원,시장외,비중앙,전남 진도군 조도면
내연력,조도,800,1,800,2016.2,내연,경유,-,STX,보국전기,한국전력,"""""",사업용,비회원,시장외,비중앙,전남 진도군 조도면
내연력,초도,250,3,750,1992.5,내연,경유,-,쌍용 (Niigata),현대,한국전력,"""""",사업용,비회원,시장외,비중앙,전남 여수시 삼산면
내연력,추도,100,2,200,1994.2,내연,경유,-,광양 YANMAR,보국전기,한국전력,"""""",사업용,비회원,시장외,비중앙,경남 통영시 산양읍
내연력,추도,80,1,80,1994.2,내연,경유,"""""",광양 YANMAR,보국전기,한국전력,"""""",사업용,비회원,시장외,비중앙,경남 통영시 산양읍
내연력,추자도,500,1,500,1995.12,내연,경유,-,현대중공업(Man B&W),현대중전기,한국전력,"""""",사업용,비회원,시장외,비중앙,제주 제주시 추자면
내연력,추자도,500,1,500,1999.5,내연,경유,-,현대중공업(Man B&W),현대중전기,한국전력,"""""",사업용,비회원,시장외,비중앙,제주 제주시 추자면
내연력,추자도,500,1,500,1999.7,내연,경유,-,쌍용중공업(Man B&W),효성중공업,한국전력,"""""",사업용,비회원,시장외,비중앙,제주 제주시 추자면
내연력,추자도,1000,2,2000,2007.2,내연,경유,-,현대중공업(HIMSEN),효성중공업,한국전력,"""""",사업용,비회원,시장외,비중앙,제주 제주시 추자면
내연력,추자도,1000,2,2000,2012.5,내연,경유,-,현대중공업(HIMSEN),보국전기,한국전력,"""""",사업용,비회원,시장외,비중앙,제주 제주시 추자면
내연력,평도,80,3,240,2005.10,내연,경유,-,쌍용 (Niigata),현대,한국전력,"""""",사업용,비회원,시장외,비중앙,전남 여수시 삼산면
내연력,풍도,150,3,450,1996.8,내연,경유,-,쌍용 CUMMINS,현대전기,한국전력,"""""",사업용,비회원,시장외,비중앙,경기 안산시 단원구 풍도동
내연력,호도,200,3,600,1997.7,내연,경유,-,쌍용(CUMMINS),보국전기,한국전력,"""""",사업용,비회원,시장외,비중앙,충남 보령시 오천면
내연력,홍도,250,1,250,1993.3,내연,경유,-,쌍용중공업,현대중전기,한국전력,"""""",사업용,비회원,시장외,비중앙,전남 신안군 흑산면 홍도리
내연력,홍도,500,1,500,2004.11,내연,경유,-,STX,보국전기,한국전력,"""""",사업용,비회원,시장외,비중앙,전남 신안군 흑산면 홍도리
내연력,홍도,800,2,1600,2010.5,내연,경유,-,STX,보국전기,한국전력,"""""",사업용,비회원,시장외,비중앙,전남 신안군 흑산면 홍도리
내연력,화도,80,1,80,2002,내연,경유,-,두산중공업,보국전기,한국전력,"""""",사업용,비회원,시장외,비중앙,전남 고흥군 도양읍
내연력,화도,80,1,80,2007,내연,경유,-,두산중공업,보국전기,한국전력,"""""",사업용,비회원,시장외,비중앙,전남 고흥군 도양읍
내연력,화도,80,1,80,2010,내연,경유,-,두산중공업,보국전기,한국전력,"""""",사업용,비회원,시장외,비중앙,전남 고흥군 도양읍
내연력,흑산도,500,1,500,1994.8,내연,경유,-,현대중공업(Man B&W),현대중전기,한국전력,"""""",사업용,비회원,시장외,비중앙,전남 신안군 흑산면
내연력,흑산도,750,2,1500,1996.8,내연,경유,-,현대중공업(Man B&W),현대중전기,한국전력,"""""",사업용,비회원,시장외,비중앙,전남 신안군 흑산면
내연력,흑산도,1000,2,2000,2008.3,내연,경유,-,현대중공업(Man B&W)(HIMSEN),효성중공업 보국전기,한국전력,"""""",사업용,비회원,시장외,비중앙,전남 신안군 흑산면
복합화력,광양#1 ST,153100,2,306200,2006.2,복합,LNG,-,Hitachi,GE,SK E&S㈜,18kV,사업용,정회원,시장,중앙,전남 광양시 금호동
복합화력,광양#1 ST,188400,1,188400,2006.2,복합,LNG,GE,Hitachi,GE,SK E&S㈜,20kV,사업용,정회원,시장,중앙,전남 광양시 금호동
복합화력,광양#2 GT,153100,2,306200,2006.5,복합,LNG,-,Hitachi,GE,SK E&S㈜,18kV,사업용,정회원,시장,중앙,전남 광양시 금호동
복합화력,광양#2 ST,188400,1,188400,2006.5,복합,LNG,GE,Hitachi,GE,SK E&S㈜,20kV,사업용,정회원,시장,중앙,전남 광양시 금호동
복합화력,군산 GT,233300,2,466600,2010.5,복합,LNG,-,MHI,MHI,서부발전㈜,21kV,사업용,정회원,시장,중앙,전북 군산시 경암동
복합화력,군산 ST,251800,1,251800,2010.5,복합,LNG,S&TC,MHI,MHI,서부발전㈜,21kV,사업용,정회원,시장,중앙,전북 군산시 경암동
복합화력,남제주복합 GT,48514,2,97028,2020.11,복합,경유,-,GE,GE,남부발전㈜,13.8kV,사업용,정회원,시장,중앙,제주 서귀포시 안덕면
복합화력,남제주복합 ST,49217,1,49217,2020.11,복합,경유,S&TC,두산 SKODA,Brush Electrical Machines,남부발전㈜,13.8kV,사업용,정회원,시장,중앙,제주 서귀포시 안덕면
복합화력,당진#1 GT,160960,2,321920,2000.7,복합,LNG,-,Siemens,Siemens,GS EPS㈜,16kV,사업용,준회원,시장,중앙,충남 당진시 송악읍
복합화력,당진#1 ST,178830,1,178830,2001.4,복합,LNG,Siemens,Siemens,Siemens,GS EPS㈜,16kV,사업용,준회원,시장,중앙,충남 당진시 송악읍
복합화력,당진#2 GT,174500,2,349000,2008.3,복합,LNG,-,Siemens,Siemens,GS EPS㈜,15kV,사업용,정회원,시장,중앙,충남 당진시 송악읍
복합화력,당진#2 ST,184000,1,184000,2008.3,복합,LNG,Siemens,Siemens,Siemens,GS EPS㈜,15kV,사업용,정회원,시장,중앙,충남 당진시 송악읍
복합화력,당진#3 GT,250000,1,250000,2013.8,복합,LNG,-,Siemens,Siemens,GS EPS㈜,23kV,사업용,정회원,시장,중앙,충남 당진시 송악읍
복합화력,당진#3 ST,132000,1,132000,2013.8,복합,LNG,Siemens,Siemens,Siemens,GS EPS㈜,23kV,사업용,정회원,시장,중앙,충남 당진시 송악읍
복합화력,당진#4 GT,269800,2,539600,2017.4,복합,LNG,GS엔텍,Siemens,Siemens,GS EPS㈜,19kV,사업용,정회원,시장,중앙,충남 당진시 송악읍
복합화력,당진#4 ST,306400,1,306400,2017.4,복합,LNG,GS엔텍,Siemens,Siemens,GS EPS㈜,19kV,사업용,정회원,시장,중앙,충남 당진시 송악읍
복합화력,대산 GT,93700,4,374800,1997.12,복합,LSWR,-,WH(GT),WH/,씨지앤대산 전력㈜,13kV,사업용,정회원,시장,중앙,충남 서산시 대산읍
복합화력,대산 ST,91000,1,91000,1998.3,복합,LSWR,현대중공업,현대중공업(ST),현대중공업,씨지앤대산 전력㈜,13kV,사업용,정회원,시장,중앙,충남 서산시 대산읍
복합화력,동두천#1 GT,286300,2,572600,2015.3,복합,LNG,-,MHI,MHI,동두천드림파워㈜,20kV,사업용,정회원,시장,중앙,경기 동두천시 지형동
복합화력,동두천#1 ST,285800,1,285800,2015.3,복합,LNG,DHI,MHI,MHI,동두천드림파워㈜,20kV,사업용,정회원,시장,중앙,경기 동두천시 지형동
복합화력,동두천#2 GT,286300,2,572600,2015.1,복합,LNG,-,MHI,MHI,동두천드림파워㈜,20kV,사업용,정회원,시장,중앙,경기 동두천시 지형동
복합화력,동두천#2 ST,285800,1,285800,2015.1,복합,LNG,DHI,MHI,MHI,동두천드림파워㈜,20kV,사업용,정회원,시장,중앙,경기 동두천시 지형동
복합화력,보령#1~3 GT,150000,6,900000,1997.7～8,복합,LNG,-,Alstom,Alstom,중부발전㈜,18kV,사업용,정회원,시장,중앙,충남 보령시 오천면
복합화력,보령#1~3 ST,150000,3,450000,2002.5～8,복합,LNG,한중,Alstom,Alstom,중부발전㈜,18kV,사업용,정회원,시장,중앙,충남 보령시 오천면
복합화력,부산#1 GT,150000,2,300000,2003.5,복합,LNG,-,두산중공업,GE,남부발전㈜,18kV,사업용,정회원,시장,중앙,부산 사하구 감천동
복합화력,부산#1 ST,150000,1,150000,2003.5,복합,LNG,두산중공업,두산중공업,GE,남부발전㈜,18kV,사업용,정회원,시장,중앙,부산 사하구 감천동
복합화력,부산#2 GT,150000,2,300000,2003.6,복합,LNG,-,두산중공업,GE,남부발전㈜,18kV,사업용,정회원,시장,중앙,부산 사하구 감천동
복합화력,부산#2 ST,150000,1,150000,2003.6,복합,LNG,두산중공업,두산중공업,GE,남부발전㈜,18kV,사업용,정회원,시장,중앙,부산 사하구 감천동
복합화력,부산#3 GT,150000,2,300000,2004.2,복합,LNG,-,두산중공업,GE,남부발전㈜,18kV,사업용,정회원,시장,중앙,부산 사하구 감천동
복합화력,부산#3 ST,150000,1,150000,2004.2,복합,LNG,두산중공업,두산중공업,GE,남부발전㈜,18kV,사업용,정회원,시장,중앙,부산 사하구 감천동
복합화력,부산#4 GT,150000,2,300000,2004.3,복합,LNG,-,두산중공업,GE,남부발전㈜,18kV,사업용,정회원,시장,중앙,부산 사하구 감천동
복합화력,부산#4 ST,150000,1,150000,2004.3,복합,LNG,두산중공업,두산중공업,GE,남부발전㈜,18kV,사업용,정회원,시장,중앙,부산 사하구 감천동
복합화력,부산정관에너지 GT,26650,1,26650,2017.7,복합,LNG,-,-,-,부산정관 에너지,22kV,사업용,정회원,시장,중앙,부산 기장군 정관읍
복합화력,부산정관에너지 ST,19186,1,19186,2017.7,복합,LNG,"""""",-,-,부산정관 에너지,22kV,사업용,정회원,시장,중앙,부산 기장군 정관읍
복합화력,분당#1 GT,77758,2,155516,1992.4,복합,LNG,-,ABB,ABB,남동발전㈜,13.8kV,사업용,정회원,시장,중앙,경기 성남시 분당동
복합화력,분당#1 GT,77758,3,233274,1992.6,복합,LNG,-,ABB,ABB,남동발전㈜,13.8kV,사업용,정회원,시장,중앙,경기 성남시 분당동
복합화력,분당#1 ST,185000,1,185000,1993.9,복합,LNG,ABB-CE,ABB,ABB,남동발전㈜,17kV,사업용,정회원,시장,중앙,경기 성남시 분당동
복합화력,분당#2 GT,77758,3,233274,1995.6,복합,LNG,-,ABB,ABB,남동발전㈜,13.8kV,사업용,정회원,시장,중앙,경기 성남시 분당동
복합화력,분당#2 ST,115000,1,115000,1997.3,복합,LNG,ABB-한중,ABB,ABB,남동발전㈜,13.8kV,사업용,정회원,시장,중앙,경기 성남시 분당동
복합화력,서울복합#1 GT,241298,1,241298,2019.11,복합,LNG,-,두산중공업,두산중공업,중부발전㈜,18kV,사업용,정회원,시장,중앙,서울 마포구 토정로
복합화력,서울복합#1 ST,127875,1,127875,2019.11,복합,LNG,두산중공업,두산중공업,두산중공업,중부발전㈜,16.5kV,사업용,정회원,시장,중앙,서울 마포구 토정로
복합화력,서울복합#2 GT,241298,1,241298,2019.6,복합,LNG,-,두산중공업,두산중공업,중부발전㈜,18kV,사업용,정회원,시장,중앙,서울 마포구 토정로
복합화력,서울복합#2 ST,127875,1,127875,2019.6,복합,LNG,두산중공업,두산중공업,두산중공업,중부발전㈜,16.5kV,사업용,정회원,시장,중앙,서울 마포구 토정로
복합화력,서인천#1~4 GT,150000,1,150000,1992.2,복합,LNG,-,GE,GE,서부발전㈜,13.8kV,사업용,정회원,시장,중앙,인천 서구 경서동
복합화력,서인천#1~4 GT,150000,1,150000,1992.3,복합,LNG,-,GE,GE,서부발전㈜,13.8kV,사업용,정회원,시장,중앙,인천 서구 경서동
복합화력,서인천#1~4 GT,150000,2,300000,1992.4,복합,LNG,-,GE,GE,서부발전㈜,13.8kV,사업용,정회원,시장,중앙,인천 서구 경서동
복합화력,서인천#1~4 ST,75000,2,150000,1992.7,복합,LNG,한중,GE,GE,서부발전㈜,13.8kV,사업용,정회원,시장,중앙,인천 서구 경서동
복합화력,서인천#1~4 ST,75000,2,150000,1992.9,복합,LNG,한중,GE,GE,서부발전㈜,13.8kV,사업용,정회원,시장,중앙,인천 서구 경서동
복합화력,서인천#5~8 GT,150000,2,300000,1992.5,복합,LNG,-,GE,GE,서부발전㈜,13.8kV,사업용,정회원,시장,중앙,인천 서구 경서동
복합화력,서인천#5~8 GT,150000,2,300000,1992.6,복합,LNG,-,GE,GE,서부발전㈜,13.8kV,사업용,정회원,시장,중앙,인천 서구 경서동
복합화력,서인천#5~8 ST,75000,2,150000,1992.10,복합,LNG,한중,GE,GE,서부발전㈜,13.8kV,사업용,정회원,시장,중앙,인천 서구 경서동
복합화력,서인천#5~8 ST,75000,2,150000,1992.11,복합,LNG,한중,GE,GE,서부발전㈜,13.8kV,사업용,정회원,시장,중앙,인천 서구 경서동
복합화력,"신인천#1,2 GT",150000,4,600000,1996.6,복합,LNG,-,GE,GE,남부발전㈜,18kV,사업용,정회원,시장,중앙,인천 서구 경서동
복합화력,"신인천#1,2 ST",150000,2,300000,1997.7,복합,LNG,한중,GE,GE,남부발전㈜,18kV,사업용,정회원,시장,중앙,인천 서구 경서동
복합화력,"신인천#3,4 GT",150000,4,600000,1996.6,복합,LNG,-,GE,GE,남부발전㈜,18kV,사업용,정회원,시장,중앙,인천 서구 경서동
복합화력,"신인천#3,4 ST",150000,2,300000,1997.7,복합,LNG,한중,GE,GE,남부발전㈜,18kV,사업용,정회원,시장,중앙,인천 서구 경서동
복합화력,신평택 GT,290200,2,580400,2019.10,복합,LNG,-,MHPS,MELCO,신평택 발전(주),20kV,사업용,정회원,시장,중앙,경기 평택시 포승읍
복합화력,신평택 ST,282900,1,282900,2019.10,복합,LNG,GE,MHPS,MELCO,신평택 발전(주),20kV,사업용,정회원,시장,중앙,경기 평택시 포승읍
복합화력,안동 GT,234500,1,234500,2014.3,복합,LNG,-,Siemens,Siemens,남부발전㈜,23kV,사업용,정회원,시장,중앙,경북 안동시 풍산읍
복합화력,안동 ST,127100,1,127100,2014.3,복합,LNG,Siemens,Siemens,Siemens,남부발전㈜,23kV,사업용,정회원,시장,중앙,경북 안동시 풍산읍
복합화력,안산 GT,242900,2,485800,2014.11,복합,LNG,-,Siemens,Siemens,㈜에스파워,19kV,사업용,정회원,시장,중앙,경기 안산시 단원구
복합화력,안산 ST,265400,1,265400,2014.11,복합,LNG,Siemens,Siemens,Siemens,㈜에스파워,19kV,사업용,정회원,시장,중앙,경기 안산시 단원구
복합화력,여주복합 GT,336022,2,672004,2023.07,복합,LNG,Siemens,Siemens,Siemens,여주에너지서비스(주),19.5kV,사업용,정회원,시장,중앙,경기 여주시 북내면
복합화력,여주복합 ST,353356,1,353356,2023.07,복합,LNG,Siemens,Siemens,Siemens,여주에너지서비스(주),19.5kV,사업용,정회원,시장,중앙,경기 여주시 북내면
복합화력,영남파워GT,292000,1,292000,2017.10,복합,LNG,-,MHPS,MELCO,코스포 영남파워㈜,-,사업용,정회원,시장,중앙,울산 남구 장생포로
복합화력,영남파워ST,150800,1,150800,2017.10,복합,LNG,S&TC,MHPS,MELCO,코스포 영남파워㈜,-,사업용,정회원,시장,중앙,울산 남구 장생포로
복합화력,영월 GT,183000,3,549000,2010.10,복합,LNG,-,두산중공업,두산중공업,남부발전㈜,18kV,사업용,정회원,시장,중앙,강원 영월군 영월읍
복합화력,영월 ST,299000,1,299000,2010.10,복합,LNG,두산중공업,두산중공업,두산중공업,남부발전㈜,18kV,사업용,정회원,시장,중앙,강원 영월군 영월읍
복합화력,오성 GT,165680,3,497040,2013.3,복합,LNG,-,GE,GE,평택에너지서비스㈜,18kV,사업용,정회원,시장,중앙,경기 평택시 오성면
복합화력,오성 ST,272790,1,272790,2013.3,복합,LNG,두산중공업,GE,GE,평택에너지서비스㈜,18kV,사업용,정회원,시장,중앙,경기 평택시 오성면
복합화력,울산#1 GT,100000,2,200000,1995.6,복합,LNG,-,WH,WH,동서발전㈜,21kV,사업용,정회원,시장,중앙,울산 남구 남화동
복합화력,울산#1 ST,100000,1,100000,1979.10(1998.7),복합,LNG,삼성중공업,Toshiba,Toshiba,동서발전㈜,21kV,사업용,정회원,시장,중앙,울산 남구 남화동
복합화력,울산#2 GT,150000,2,300000,1996.7,복합,LNG,-,WH,WH,동서발전㈜,21kV,사업용,정회원,시장,중앙,울산 남구 남화동
복합화력,울산#2 ST,150000,1,150000,1997.6,복합,LNG,MHI,MHI,WH,동서발전㈜,21kV,사업용,정회원,시장,중앙,울산 남구 남화동
복합화력,울산#3 GT,150000,2,300000,1996.7,복합,LNG,-,WH,WH,동서발전㈜,21kV,사업용,정회원,시장,중앙,울산 남구 남화동
복합화력,울산#3 ST,150000,1,150000,1997.8,복합,LNG,MHI,MHI,WH,동서발전㈜,21kV,사업용,정회원,시장,중앙,울산 남구 남화동
복합화력,울산#4 GT,286600,2,573200,2013.7,복합,LNG,-,MHI,MHI,동서발전㈜,20kV,사업용,정회원,시장,중앙,울산 남구 남화동
복합화력,울산#4 ST,298700,1,298700,2014.7,복합,LNG,세대이노텍,MHI,MHI,동서발전㈜,21kV,사업용,정회원,시장,중앙,울산 남구 남화동
복합화력,율촌#1 GT,163800,2,327600,2004.7,복합,LNG,-,Siemens,WH,씨지앤율촌 전력㈜,16.5kV,사업용,준회원,시장,중앙,전남 순천시 해룡면
복합화력,율촌#1 ST,197900,1,197900,2005.7,복합,LNG,Siemens,Siemens,Siemens,씨지앤율촌 전력㈜,18kV,사업용,준회원,시장,중앙,전남 순천시 해룡면
복합화력,율촌#2 GT,285800,2,571600,2013.6,복합,LNG,-,MHI,MHI,씨지앤율촌 전력㈜,20kV,사업용,정회원,시장,중앙,전남 순천시 해룡면
복합화력,율촌#2 ST,292600,1,292600,2014.4,복합,LNG,MHPS,MHPS,MHPS,씨지앤율촌 전력㈜,20kV,사업용,정회원,시장,중앙,전남 순천시 해룡면
복합화력,인0천#1 ST,182081,1,182081,2005.6,복합,LNG,두산중공업,Siemens,Siemens,중부발전㈜,16kV,사업용,정회원,시장,중앙,인천 서구 원창동
복합화력,인천#1 GT,160729,2,321458,2005.6,복합,LNG,-,Siemens,Siemens,중부발전㈜,16kV,사업용,정회원,시장,중앙,인천 서구 원창동
복합화력,인천#2 GT,163979,2,327958,2009.6,복합,LNG,-,Siemens,Siemens,중부발전㈜,16kV,사업용,정회원,시장,중앙,인천 서구 원창동
복합화력,인천#2 ST,180950,1,180950,2009.6,복합,LNG,세대에너텍,Siemens,Siemens,중부발전㈜,16kV,사업용,정회원,시장,중앙,인천 서구 원창동
복합화력,인천#3 GT,150000,2,300000,2012.12,복합,LNG,-,Alstom(ABB),Alstom(ABB),중부발전㈜,18kV,사업용,정회원,시장,중앙,인천 서구 원창동
복합화력,인천#3 ST,150000,1,150000,2012.12,복합,LNG,두산중공업,두산중공업,두산중공업,중부발전㈜,18kV,사업용,정회원,시장,중앙,인천 서구 원창동
복합화력,일산#1 GT,100000,2,200000,1993.2,복합,LNG,-,WH,BRUSH,동서발전㈜,13.8kV,사업용,정회원,시장,중앙,경기 고양시 백석동
복합화력,일산#1 GT,100000,2,200000,1993.2,복합,LNG,-,WH,BRUSH,동서발전㈜,13.8kV,사업용,정회원,시장,중앙,경기 고양시 백석동
복합화력,일산#1 ST,200000,1,200000,1993.12,복합,LNG,MHI,WH,MHI,동서발전㈜,20kV,사업용,정회원,시장,중앙,경기 고양시 백석동
복합화력,일산#2 GT,100000,2,200000,1995.6,복합,LNG,-,WH,MHI,동서발전㈜,13.8kV,사업용,정회원,시장,중앙,경기 고양시 백석동
복합화력,일산#2 ST,100000,1,100000,1996.3,복합,LNG,MHI,WH,MHI,동서발전㈜,13.8kV,사업용,정회원,시장,중앙,경기 고양시 백석동
복합화력,제주복합#1 GT,71893,1,71893,2018.6,복합,LNG,-,GE,GE,중부발전㈜,13.8kV,사업용,정회원,시장,중앙,제주 제주시 원당로
복합화력,제주복합#1 ST,42474,1,42474,2018.6,복합,LNG,GE,GE,GE,중부발전㈜,13.8kV,사업용,정회원,시장,중앙,제주 제주시 원당로
복합화력,제주복합#2 GT,58947,1,58947,2018.8,복합,LNG,-,GE,GE,중부발전㈜,13.8kV,사업용,정회원,시장,중앙,제주 제주시 원당로
복합화력,제주복합#2 ST,34776,1,34776,2018.8,복합,LNG,GE,GE,GE,중부발전㈜,13.8kV,사업용,정회원,시장,중앙,제주 제주시 원당로
복합화력,파주문산#1 GT,275500,2,551000,2017.2,복합,LNG,-,Siemens,Siemens,파주에너지서비스㈜,19kV,사업용,정회원,시장,중앙,경기 파주시 파주읍
복합화력,파주문산#1 ST,296600,1,296600,2017.2,복합,LNG,Siemens,Siemens,Siemens,파주에너지서비스㈜,19kV,사업용,정회원,시장,중앙,경기 파주시 파주읍
복합화력,파주문산#2 GT,275500,2,551000,2017.3,복합,LNG,-,Siemens,Siemens,파주에너지서비스㈜,19kV,사업용,정회원,시장,중앙,경기 파주시 파주읍
복합화력,파주문산#2 ST,296600,1,296600,2017.3,복합,LNG,Siemens,Siemens,Siemens,파주에너지서비스㈜,19kV,사업용,정회원,시장,중앙,경기 파주시 파주읍
복합화력,평택#2 GT,286300,2,572600,2013.7,복합,LNG,-,MHI,MHI,서부발전㈜,20kV,사업용,정회원,시장,중앙,경기 평택시 포승면
복합화력,평택#2 ST,295900,1,295900,2014.9,복합,LNG,세대에너텍,MHI,MELCO,서부발전㈜,20kV,사업용,정회원,시장,중앙,경기 평택시 포승면
복합화력,포스코#3 GT,100000,3,300000,1996.7,복합,LNG,-,WH,WH,포스코 에너지㈜,13.8kV,사업용,정회원,시장,중앙,인천 서구 원창동
복합화력,포스코#3 ST,150000,1,150000,1999.11,복합,LNG,두산중공업,Hitachi,Hitachi,포스코 에너지㈜,17kV,사업용,정회원,시장,중앙,인천 서구 원창동
복합화력,포스코#4 GT,100000,3,300000,1997.7,복합,LNG,-,WH,WH,포스코 에너지㈜,13.8kV,사업용,정회원,시장,중앙,인천 서구 원창동
복합화력,포스코#4 ST,150000,1,150000,2001.09,복합,LNG,두산중공업,Hitachi,Hitachi,포스코 에너지㈜,17kV,사업용,정회원,시장,중앙,인천 서구 원창동
복합화력,포스코#5 GT,183200,2,366400,2011.2,복합,LNG,-,Siemens,Siemens,포스코 에너지㈜,16.5kV,사업용,정회원,시장,중앙,인천 서구 원창동
복합화력,포스코#5 ST,208200,1,208200,2011.2,복합,LNG,BHI(범우중공업),Siemens,Siemens,포스코 에너지㈜,16.5kV,사업용,정회원,시장,중앙,인천 서구 원창동
복합화력,포스코#6 GT,183200,2,366400,2011.6,복합,LNG,-,Siemens,Siemens,포스코 에너지㈜,16.5kV,사업용,정회원,시장,중앙,인천 서구 원창동
복합화력,포스코#6 ST,208200,1,208200,2011.6,복합,LNG,BHI(범우중공업),Siemens,Siemens,포스코 에너지㈜,16.5kV,사업용,정회원,시장,중앙,인천 서구 원창동
복합화력,포스코#7 GT,242700,1,242700,2014.7,복합,LNG,-,Siemens,Siemens,포스코 에너지㈜,23kV,사업용,정회원,시장,중앙,인천 서구 원창동
복합화력,포스코#7 ST,132900,1,132900,2014.7,복합,LNG,BHI(범우중공업),Siemens,Siemens,포스코 에너지㈜,23kV,사업용,정회원,시장,중앙,인천 서구 원창동
복합화력,포스코#8 GT,242700,1,242700,2014.10,복합,LNG,-,Siemens,Siemens,포스코 에너지㈜,23kV,사업용,정회원,시장,중앙,인천 서구 원창동
복합화력,포스코#8 ST,132900,1,132900,2014.10,복합,LNG,BHI(범우중공업),Siemens,Siemens,포스코 에너지㈜,23kV,사업용,정회원,시장,중앙,인천 서구 원창동
복합화력,포스코#9 GT,242700,1,242700,2015.1,복합,LNG,-,Siemens,Siemens,포스코 에너지㈜,23kV,사업용,정회원,시장,중앙,인천 서구 원창동
복합화력,포스코#9 ST,132900,1,132900,2015.1,복합,LNG,BHI(범우중공업),Siemens,Siemens,포스코 에너지㈜,23kV,사업용,정회원,시장,중앙,인천 서구 원창동
복합화력,포천#1 GT,240500,2,481000,2014.6,복합,LNG,-,MHI,Melco,포천파워㈜,21kV,사업용,정회원,시장,중앙,경기 포천시 창수면
복합화력,포천#1 ST,244000,1,244000,2014.6,복합,LNG,두산중공업,MHI,두산중공업,포천파워㈜,21kV,사업용,정회원,시장,중앙,경기 포천시 창수면
복합화력,포천#2 GT,240500,2,481000,2014.8,복합,LNG,-,MHI,Melco,포천파워㈜,21kV,사업용,정회원,시장,중앙,경기 포천시 창수면
복합화력,포천#2 ST,244000,1,244000,2014.8,복합,LNG,두산중공업,MHI,두산중공업,포천파워㈜,21kV,사업용,정회원,시장,중앙,경기 포천시 창수면
복합화력,포천천연 GT,287700,2,575400,2017.3,복합,LNG,-,MHPS,MELCO,포천민자발전㈜,20kV,사업용,정회원,시장,중앙,경기 포천시 신북면
복합화력,포천천연 ST,298800,1,298800,2017.3,복합,LNG,BHI,MHPS,MELCO,포천민자발전㈜,20kV,사업용,정회원,시장,중앙,경기 포천시 신북면
복합화력,한림 GT,35000,1,35000,1995.6,복합,LNG,-,한중/GE,한중/GE,남부발전㈜,13.8kV,사업용,정회원,시장,중앙,제주 제주시 한림읍
복합화력,한림 GT,35000,1,35000,1996.6,복합,LNG,-,한중/GE,한중/GE,남부발전㈜,13.8kV,사업용,정회원,시장,중앙,제주 제주시 한림읍
복합화력,한림 ST,35000,1,35000,1997.7,복합,LNG,한중,한중/GE,한중/GE,남부발전㈜,13.8kV,사업용,정회원,시장,중앙,제주 제주시 한림읍
수력,KC하이드로,400,1,400,2013.5,소수력,소수력,-,Ellaf,Ellaf,KC하이드로㈜,"""""",사업용,정회원,시장,비중앙,제주 제주시 한경면
수력,가북,650,1,650,2014.4,소수력,소수력,-,대양수력,일진전기,농어촌공사,"""""",사업용,정회원,시장,비중앙,경남 거창군 가북면
수력,강릉,41000,1,41000,1990.12,수력,수력,-,Fuji,한중,한수원,-,사업용,정회원,시장,중앙,강원 강릉시 성산면(남한강지류 송천 도암호)
수력,강릉,41000,1,41000,1991.1,수력,수력,-,Fuji,한중,한수원,-,사업용,정회원,시장,중앙,강원 강릉시 성산면(남한강지류 송천 도암호)
수력,강림*,450,1,450,1978.5,소수력,소수력,-,효성중공업,효성중공업,한수원,"""""",사업용,정회원,시장,비중앙,강원 평창군 도암면(남한강지류 주천강)
수력,강정고령보,3000,1,3000,2011.12,소수력,소수력,-,Mavel,효성중공업,수자원공사,"""""",사업용,정회원,시장,비중앙,대구 달성군 다사읍
수력,강천보,4950,1,4950,2011.12,소수력,소수력,-,Gugler,효성중공업,수자원공사,"""""",사업용,정회원,시장,비중앙,경기 여주군 여주읍
수력,개취보,420,1,420,2013.8,소수력,소수력,-,대양수력,대양수력,산청군,"""""",사업용,정회원,시장,비중앙,경남 산청군 금서면
수력,경천#1,800,1,800,1995.6,소수력,소수력,-,대양전기,대양전기,농어촌공사,"""""",사업용,정회원,시장,비중앙,경북 문경시 동로면
수력,경천#2,2100,1,2100,2010.10,소수력,소수력,-,-,-,경천,"""""",사업용,정회원,시장,비중앙,경북 문경시 동로면
수력,경천지구,440,1,440,2008.12,소수력,소수력,-,-,-,농어촌공사,"""""",사업용,정회원,시장,비중앙,전북 완주군 경천면
수력,고문,1500,1,1500,2007.8,소수력,소수력,-,대양전기,대양전기,신에너지㈜,"""""",사업용,정회원,시장,비중앙,경기 연천군 연천읍
수력,고산,560,1,560,2009.12,소수력,소수력,-,대양전기,대양전기,수자원공사,"""""",사업용,정회원,시장,비중앙,대구 수성구 노변동
수력,고성소수력,5000,1,5000,2021.5,소수력,소수력,-,대양소수력,효성,고성그린파워(주),"""""",사업용,정회원,시장,비중앙,경남 고성군 하이면
수력,고수,99,1,99,2014.6,소수력,소수력,-,금성E&C,한성중공업,농어촌공사,"""""",사업용,정회원,시장,비중앙,전북 고창군 고창읍
수력,고수,99,1,99,2018.1,소수력,소수력,-,금성E&C,금성E&C,농어촌공사,"""""",사업용,정회원,시장,비중앙,전북 고창군 고창읍
수력,공주보,3000,1,3000,2011.12,소수력,소수력,-,Gugler,현대중공업,수자원공사,"""""",사업용,정회원,시장,비중앙,충남 공주시 우성면
수력,광주호,240,1,240,2013.1,소수력,소수력,-,대양수력,대양수력,농어촌공사,"""""",사업용,정회원,시장,비중앙,전남 담양군 고서면
수력,광천,450,1,450,1992.1,소수력,소수력,-,Dependable(캐),Dependable(캐),수자원공사,"""""",사업용,정회원,시장,비중앙,전남 순천시 주암면
수력,괴산,2600,1,2600,1957.2,소수력,소수력,-,James Leffel,GE,한수원,"""""",사업용,정회원,시장,비중앙,충북 괴산군 칠성면(남한강수계 남한강 칠성호)
수력,구만,170,1,170,2014.5,소수력,소수력,-,대양수력,대양수력,농어촌공사,"""""",사업용,정회원,시장,비중앙,전남 구례군 광의면
수력,구미보,3000,1,3000,2011.12,소수력,소수력,-,Gugler,효성중공업,수자원공사,"""""",사업용,정회원,시장,비중앙,경북 구미시 해평면
수력,군위댐,500,1,500,2010.10,소수력,소수력,-,대양전기,대양전기,수자원공사,"""""",사업용,정회원,시장,비중앙,경북 군위군 고로면
수력,궁평,180,1,180,2012.10,소수력,소수력,-,-,-,-,"""""",사업용,비회원,시장외,비중앙,충남 아산시 송악면
수력,극동,1500,1,1500,2011.8,소수력,소수력,-,Ossberger,Ossberger,극동소수력,"""""",사업용,정회원,시장,비중앙,전북 정읍시 산외면
수력,극동제2,750,1,750,2013.4,소수력,소수력,-,중경화소수력,중경샤이리멍,(유)극동제2소수력발전소,"""""",사업용,정회원,시장,비중앙,전북 정읍시 산외면
수력,금강,1350,1,1350,1988.3,소수력,소수력,-,ACEC,현대중공업,㈜크린에너지,"""""",사업용,정회원,시장,비중앙,충북 옥천군 동이면
수력,금계,280,1,280,2014.4,소수력,소수력,-,대양수력,대양수력,농어촌공사,"""""",사업용,비회원,시장외,비중앙,경북 영주시 풍기읍
수력,낙단보,3000,1,3000,2012.6,소수력,소수력,-,Mavel,효성중공업,수자원공사,"""""",사업용,정회원,시장,비중앙,경북 의성군 단밀면
수력,낙덕,60,1,60,2014.4,소수력,소수력,-,대양전기,대양전기,농어촌공사,"""""",사업용,비회원,시장외,비중앙,전북 순창군 복흥면
수력,남강,18000,1,18000,1998.10,소수력,소수력,-,Alsthom,Alsthom,수자원공사,-,사업용,정회원,시장,비중앙,경남 진주시 내동면(낙동강수계 남강 진양호)
수력,남강수력,9000,1,9000,2021.10,수력,수력,-,Andritz,Andritz,수자원공사,6.6kV,사업용,정회원,시장,비중앙,경남 진주시 내동면
수력,남강수력,9000,1,9000,2021.10,수력,수력,-,Andritz,Andritz,수자원공사,6.6kV,사업용,정회원,시장,비중앙,경남 진주시 내동면
수력,노량진,300,1,300,2013.12,소수력,소수력,-,ANDRITZ,SIEMENS,서울시상하수도,"""""",사업용,비회원,시장외,비중앙,서울 동작구 노량진동
수력,농어촌공사,490,1,490,2010.10,소수력,소수력,-,-,-,농어촌공사,"""""",사업용,비회원,시장외,비중앙,충남 보령시 죽정동
수력,단양수중보,2400,1,2400,2019.6,소수력,소수력,-,대양수력,대양수력,수자원공사,"""""",사업용,정회원,시장,비중앙,충북 단양군 단성면
수력,달방,170,1,170,2007.2,소수력,소수력,-,대양전기,대양전기,수자원공사,"""""",사업용,정회원,시장,비중앙,강원 동해시 이로동
수력,달성보,2856,1,2856,2012.6,소수력,소수력,-,Andritz,Andritz,수자원공사,"""""",사업용,정회원,시장,비중앙,경북 고령군 개진면
수력,담양,1274,1,1274,2007.5,소수력,소수력,-,대양전기,대양전기,농어촌공사,"""""",사업용,정회원,시장,비중앙,전남 담양군 금성면
수력,당진화력 소수력#1,4998,1,4998,2010.5,소수력,소수력,-,대양전기,대양전기,동서발전,"""""",사업용,정회원,시장,비중앙,충남 당진시 석문면
수력,당진화력 소수력#2,3200,1,3200,2014.8,소수력,소수력,-,harbin electricity machinery,harbin electricity machinery,동서발전,"""""",사업용,정회원,시장,비중앙,충남 당진시 석문면
수력,대곡,300,1,300,2005.6,소수력,소수력,-,대양전기,대양전기,수자원공사,"""""",사업용,정회원,시장,비중앙,울산 울주군 두동면
수력,대아,3000,1,3000,1993.6,소수력,소수력,-,대양전기,대양전기,농어촌공사,"""""",사업용,정회원,시장,비중앙,전남 순천시 주안면
수력,대아,0,0,0,1994.5,소수력,소수력,-,대양전기,대양전기,농어촌공사,"""""",사업용,정회원,시장,비중앙,전남 순천시 주안면
수력,대청 ,45000,1,45000,1980.11,수력,수력,-,Toshiba,Toshiba,수자원공사,13.2kV,사업용,정회원,시장,중앙,충북 청원군 문의면(금강본류 대청호)
수력,대청 ,45000,1,45000,1980.11,수력,수력,-,Toshiba,Toshiba,수자원공사,13.2kV,사업용,정회원,시장,중앙,충북 청원군 문의면(금강본류 대청호)
수력,대청댐#1,800,1,800,2008.6,소수력,소수력,-,대양전기,대양전기,수자원공사,"""""",사업용,정회원,시장,비중앙,충북 청원군 현도면
수력,대청댐2,900,1,900,2017.12,소수력,소수력,-,대양수력,대양수력,수자원공사,"""""",사업용,정회원,시장,비중앙,충북 청주시 상당구
수력,덕남정수장,270,1,270,2014.5,소수력,소수력,-,대양수력,효성중공업,GS 파워㈜,"""""",사업용,정회원,시장,비중앙,광주 남구 덕남1길
수력,동상,590,1,590,2012.10,소수력,소수력,-,-,-,농어촌공사,"""""",사업용,정회원,시장,비중앙,전북 완주군 동상면
수력,동화댐,1000,1,1000,2005.5,소수력,소수력,-,대양전기,대양전기,농어촌공사,"""""",사업용,정회원,시장,비중앙,전북 장수군 번안면
수력,동화정수장,120,1,120,2015.10,소수력,소수력,-,대양수력,대양수력,수자원공사,"""""",사업용,정회원,시장,비중앙,전북 장수군 번암면
수력,맹동,360,1,360,2016.4,소수력,소수력,-,금성E&C,금성E&C,농어촌공사,"""""",사업용,정회원,시장,비중앙,충북 음성군 맹동면
수력,무주양수 소수력,400,1,400,2003.4,소수력,소수력,-,대양전기,대양전기,한수원,"""""",사업용,정회원,시장,비중앙,전북 무주군 적상면
수력,물야,410,1,410,2011.12,소수력,소수력,-,-,-,-,"""""",사업용,비회원,시장외,비중앙,경북 봉화군 물야면
수력,밀양,1300,1,1300,2001.10,소수력,소수력,-,대양전기,대양전기,수자원공사,"""""",사업용,정회원,시장,비중앙,경남 밀양시 산외면
수력,반변,1060,1,1060,1996.10,소수력,소수력,-,FLYGT,FLYGT,수자원공사,"""""",사업용,정회원,시장,비중앙,경북 안동시 임하면
수력,방우리,2120,1,2120,1987.3,소수력,소수력,-,FLYGT,FLYGT,㈜청풍에너지,"""""",사업용,정회원,시장,비중앙,충남 금산군 부리면
수력,백곡,430,1,430,2007.5,소수력,소수력,-,대양전기,대양전기,농어촌공사,"""""",사업용,정회원,시장,비중앙,충북 진천군 진천읍
수력,백운제,160,1,160,2014.5,소수력,소수력,-,대양수력,대양수력,농어촌공사,"""""",사업용,정회원,시장,비중앙,전남 광양시 지실길
수력,백제보,2640,1,2640,2011.12,소수력,소수력,-,Gugler,현대중공업,수자원공사,"""""",사업용,정회원,시장,비중앙,충남 부여군 부여읍
수력,보령,145,1,145,1997.12,소수력,소수력,-,Dependable(캐),Marathon(미),수자원공사,"""""",사업용,정회원,시장,비중앙,충남 보령시 미산면
수력,보령,556,1,556,1999.3,소수력,소수력,"""""",ABB,ABB,수자원공사,"""""",사업용,정회원,시장,비중앙,충남 보령시 미산면
수력,보령화력 소수력#1,5000,1,5000,2009.7,소수력,소수력,-,대양전기,대양전기,중부발전,"""""",사업용,정회원,시장,비중앙,충남 보령시 오천면
수력,보령화력 소수력#2,2500,1,2500,2008.6,소수력,소수력,-,대양전기,대양전기,중부발전,"""""",사업용,정회원,시장,비중앙,충남 보령군 오천면 오포
수력,보성*,1100,1,1100,2009.5,소수력,소수력,-,-,-,대한수력발전(주),"""""",사업용,정회원,시장,비중앙,전남 보성군 득량면
수력,보성강,4500,1,4500,1990.5,소수력,소수력,-,Fuji,한중,한수원,"""""",사업용,정회원,시장,비중앙,전남 보성군 득량면(섬진강수계 보성강 보성저수지)
수력,보청,350,1,350,2016.5,소수력,소수력,-,TINK,MARELLI,희도전력㈜,"""""",사업용,정회원,시장,비중앙,충북 보은군 수한면
수력,보현산댐,170,1,170,2017.5,소수력,소수력,-,-,-,수자원공사,"""""",사업용,정회원,시장,비중앙,경북 영천시 화북면
수력,봉화,2100,1,2100,1988.9,소수력,소수력,-,Obermeyer,현대중전기,㈜크린에너지,"""""",사업용,정회원,시장,비중앙,충북 봉화군 명호면
수력,봉화,0,0,0,2011.1,소수력,소수력,-,Obermeyer,현대중전기,㈜크린에너지,"""""",사업용,정회원,시장,비중앙,충북 봉화군 명호면
수력,부안,193,1,193,1998.6,소수력,소수력,-,Dependable(캐),Marathon(미),수자원공사,"""""",사업용,정회원,시장,비중앙,전북 부안군 변산면
수력,부항댐,600,1,600,2013.10,소수력,소수력,-,대양수력,대양수력,수자원공사,"""""",사업용,정회원,시장,비중앙,경북 김천시 지례면
수력,북평해양수력,4872,1,4872,2016.1,소수력,소수력,-,진런(중국),효성,㈜GS,"""""",사업용,정회원,시장,비중앙,강원 동해시 공단4로
수력,산내,820,1,820,1989.9,소수력,소수력,-,British Columbia,이천전기,산내소수력 발전소,"""""",사업용,정회원,시장,비중앙,전북 남원시 산내면
수력,산청소수력*,995,1,995,2001.12,소수력,소수력,-,두산중공업,두산중공업,한수원,"""""",사업용,정회원,시장,비중앙,경남 산청군 시천면
수력,산청소수력*,0,0,0,2010.11,소수력,소수력,-,ALSTOM,ALSTOM,한수원,"""""",사업용,정회원,시장,비중앙,경남 산청군 시천면
수력,삼척그린파워 해양소수력,2750,1,2750,2017.8,소수력,소수력,-,대양수력,CG Electric Systems Hungary Zrt,남부발전,"""""",사업용,정회원,시장,비중앙,강원 삼척시 원덕읍
수력,삼척화력 소수력,5000,1,5000,2023.10,소수력,소수력,-,-,-,-,"""""",사업용,정회원,시장,비중앙,강원 삼척시 적노동
수력,삼천포 해양,5000,1,5000,2007.2,소수력,소수력,-,독일 Ossberger,독일 Flender-Loher,남동발전,"""""",사업용,정회원,시장,비중앙,경남 고성군 하이면
수력,삿갓보,400,1,400,2011.8,소수력,소수력,-,대양수력,대양수력,농어촌공사,"""""",사업용,정회원,시장,비중앙,전북 정읍시 응동면
수력,상주보,3000,1,3000,2012.6,소수력,소수력,-,Andritz,Andritz,수자원공사,"""""",사업용,정회원,시장,비중앙,경북 상주시 중동면
수력,서리보,1500,1,1500,2010.10,소수력,소수력,-,대양전기,대양전기,인제군청,"""""",사업용,정회원,시장,비중앙,강원 인제군 기린면
수력,서포,350,1,350,2014.9,소수력,소수력,-,금성E&C,한성중공업,농어촌공사,"""""",사업용,정회원,시장,비중앙,전북 군산시 개정면
수력,섬진강댐,1650,1,1650,2016.7,소수력,소수력,-,GEA,효성,수자원공사,"""""",사업용,정회원,시장,비중앙,전북 임실군 강진면
수력,성남,340,1,340,2004.12,소수력,소수력,-,대양전기,대양전기,수자원공사,"""""",사업용,정회원,시장,비중앙,경기 성남시 수정구
수력,성남 제2소수력,360,1,360,2008.12,소수력,소수력,-,신한정공,효성중공업,수자원공사,"""""",사업용,정회원,시장,비중앙,경기 성남시 수정구
수력,성덕댐,230,1,230,2014.9,소수력,소수력,-,GEA,ADDA,수자원공사,"""""",사업용,정회원,시장,비중앙,경북 청송군 안덕면
수력,성주,1800,1,1800,1999.9,소수력,소수력,-,대양전기,대양전기,㈜성주발전,"""""",사업용,정회원,시장,비중앙,경북 성주군 가천면
수력,세종보,2310,1,2310,2011.8,소수력,소수력,-,Gugler,현대중공업,수자원공사,"""""",사업용,정회원,시장,비중앙,세종 연기면
수력,소양강,100000,2,200000,1973.10,수력,수력,-,Fuji,Fuji,수자원공사,15.4kV,사업용,정회원,시장,중앙,강원 춘천시 신북읍(한강수계 소양강 소양호)
수력,소천,2400,1,2400,1987.7,소수력,소수력,-,FLYGT,FLYGT,㈜한여울,"""""",사업용,정회원,시장,비중앙,경북 봉화군 소천면
수력,소향,3000,1,3000,2018.12,소수력,소수력,-,TINK,MARELLI,농어촌공사,"""""",사업용,정회원,시장,비중앙,전주 완주군 고산면
수력,솔향강릉,340,1,340,2011.12,소수력,소수력,-,-,-,-,"""""",사업용,비회원,시장외,비중앙,강원 강릉시 홍제동
수력,승촌보,800,1,800,2011.12,소수력,소수력,-,Mavel,효성중공업,수자원공사,"""""",사업용,정회원,시장,비중앙,광주 남구 승촌동
수력,신보령,5000,1,5000,2016.10,소수력,소수력,-,대양수력,대양수력,중부발전,"""""",사업용,정회원,시장,비중앙,충남 보령시 주교면
수력,신서천화력소수력,2586,1,2586,2021.6,소수력,소수력,-,GUGLER Water Turbine,효성,중부발전,"""""",사업용,정회원,시장,비중앙,충남 서천군 서면
수력,안계,990,1,990,2013.2,소수력,소수력,-,ossberger,효성중공업,수자원공사,"""""",사업용,정회원,시장,비중앙,경북 경주시 강동면
수력,안동,45000,2,90000,1976.10,수력,수력,-,Deriaz,Fuji,수자원공사,11kV,사업용,정회원,시장,중앙,경북 안동시 성곡동(낙동강본류 안동호)
수력,안동소수력,1500,1,1500,2003.9,소수력,소수력,-,대양전기,대양전기,수자원공사,"""""",사업용,정회원,시장,비중앙,경북 안동시 성곡동
수력,애플에너지,2800,1,2800,2014.9,소수력,소수력,-,-,-,애플에너지,"""""",사업용,정회원,시장,비중앙,강원 정선군 정선읍
수력,양양양수 소수력,1400,1,1400,2005.8,소수력,소수력,-,대양전기,대양전기,한수원,"""""",사업용,정회원,시장,비중앙,강원 양양군 서면
수력,양양양수 신소수력,150,1,150,2020.12,소수력,소수력,-,금성E&C,금성E&C,한수원,"""""",사업용,정회원,시장,비중앙,충북 단양군 단성면
수력,어승생,287,1,287,2020.8,소수력,소수력,-,-,-,제주도청,"""""",사업용,정회원,시장,비중앙,제주 제주시 해안동
수력,여주보,4950,1,4950,2012.3,소수력,소수력,-,Andritz,Andritz,수자원공사,"""""",사업용,정회원,시장,비중앙,경기 여주시 능서면
수력,영주댐,5000,1,5000,2016.8,소수력,소수력,-,대양수력,대양수력,수자원공사,"""""",사업용,정회원,시장,비중앙,경북 영주시 평은면
수력,영천,1000,1,1000,2001.8,소수력,소수력,-,대양전기,대양전기,수자원공사,"""""",사업용,정회원,시장,비중앙,경북 영천시 임고면
수력,영흥해양#1,3000,1,3000,2008.3,소수력,소수력,-,캐슬러,TES(체코),남동발전,"""""",사업용,정회원,시장,비중앙,인천 옹진군 영흥면
수력,영흥해양#2,4599,1,4599,2011.9,소수력,소수력,-,하이드로 에너지,현대중공업,남동발전,"""""",사업용,정회원,시장,비중앙,인천 옹진군 영흥면
수력,영흥해양#3,5000,1,5000,2014.5,소수력,소수력,-,Hydro-energy,효성중공업,남동발전,"""""",사업용,정회원,시장,비중앙,인천 옹진군 영흥면
수력,예당,480,1,480,2012.10,소수력,소수력,-,-,-,-,"""""",사업용,비회원,시장외,비중앙,충남 예산군 응봉면
수력,예천소수력,900,1,900,2011.12,소수력,소수력,-,-,-,한수원,"""""",사업용,정회원,시장,비중앙,경북 예천군
수력,예천양수미니소수력,25,1,25,2018.8,소수력,소수력,-,-,-,한수원,"""""",사업용,비회원,시장외,비중앙,경북 예천군 은풍면
수력,오봉지구,530,1,530,2012.6,소수력,소수력,-,-,-,-,"""""",사업용,비회원,시장외,비중앙,강원 강릉시 성산면
수력,용담,2300,1,6230,2001.9,소수력,소수력,-,Fuji,Fuji,수자원공사,"""""",사업용,정회원,시장,비중앙,전북 진안군 용담면
수력,용담,1800,1,6230,2004.12,소수력,소수력,-,Fuji,현대중공업,수자원공사,"""""",사업용,정회원,시장,비중앙,전북 진안군 용담면
수력,용담,2130,1,6230,2020.4,소수력,소수력,-,OriEngine,효성,수자원공사,"""""",사업용,정회원,시장,비중앙,전북 진안군 안천면
수력,용담1수력,11050,2,22100,2001.9,수력,수력,-,Fuji,Fuji,수자원공사,13.8kV,사업용,정회원,시장,중앙,전북 진안군 용담면
수력,용담고산#1,800,1,800,2016.7,소수력,소수력,-,WKV,한성중공업,수자원공사,"""""",사업용,정회원,시장,비중앙,전북 완주군 고산면
수력,용림,600,1,600,2011.12,소수력,소수력,-,대양수력,대양수력,농어촌공사,"""""",사업용,정회원,시장,비중앙,전북 장수군 장수읍
수력,용연 정수장,760,1,760,2016.6,소수력,소수력,-,대양수력,대양수력,GS 파워㈜,"""""",사업용,정회원,시장,비중앙,광주 동구 용연동
수력,운문,360,1,360,1998.10,소수력,소수력,-,대양전기,대양전기,수자원공사,"""""",사업용,정회원,시장,비중앙,경북 청도군 운문면
수력,운서보,400,1,400,2014.9,소수력,소수력,-,Tink,Marelli,함양군청,"""""",사업용,정회원,시장,비중앙,경남 함양군 휴천면
수력,원정수,600,1,600,2007.5,소수력,소수력,-,대양전기,대양전기,㈜포스코,"""""",사업용,정회원,시장,비중앙,전남 광양시 금호동
수력,원통보,200,1,200,2011.8,소수력,소수력,-,대양수력,대양수력,인제군청,"""""",사업용,정회원,시장,비중앙,강원 인제군 북면
수력,율현,560,1,560,2008.10,소수력,소수력,-,-,-,농어촌공사,"""""",사업용,정회원,시장,비중앙,경남 산청군 신동면
수력,읍애,177,1,177,2020.12,소수력,소수력,-,TINK,MARELLI,수자원공사,"""""",사업용,정회원,시장,비중앙,전남 화순군 동복면
수력,의암,24000,2,48000,1967.8,수력,수력,-,Toshiba,Toshiba,한수원,11kV,사업용,정회원,시장,중앙,강원 춘천시 신동면(한강수계 북한강 의암호)
수력,이포보,3000,1,3000,2011.12,소수력,소수력,-,Mavel,현대중공업,수자원공사,"""""",사업용,정회원,시장,비중앙,경기 여주군 금사면
수력,일산정수장,250,1,250,2017.6,소수력,소수력,-,구글러,효성,수자원공사,"""""",사업용,정회원,시장,비중앙,경기 고양시 덕양구
수력,임기,1200,1,1200,1986.8,소수력,소수력,-,대양전기,대양전기,대동기업㈜,"""""",사업용,정회원,시장,비중앙,경북 봉화군 소천면
수력,임하,25000,2,50000,1992.7,수력,수력,-,Voest,Elin,수자원공사,11kV,사업용,정회원,시장,중앙,경북 안동시 임하면(낙동가지류 반변천 임하호)
수력,자인정,65,1,65,2012.12,소수력,소수력,-,대양수력,효성중공업,수자원공사,"""""",사업용,정회원,시장,비중앙,경북 경산시 자인면
수력,장성,1392,1,1392,2013.7,소수력,소수력,-,금전기업,일진전기,농어촌공사,"""""",사업용,정회원,시장,비중앙,전남 장성군 장성읍
수력,장흥,800,1,800,2005.12,소수력,소수력,-,대양전기,대양전기,수자원공사,"""""",사업용,정회원,시장,비중앙,전남 장흥군 부산면
수력,정선(봉정),1920,1,1920,1993.5,소수력,소수력,-,FLYGT,FLYGT,㈜정선소수력,"""""",사업용,정회원,시장,비중앙,강원 정선군 북면
수력,정우#2,75,1,75,2013.7,소수력,소수력,-,금성E&C,일진전기,농어촌공사,"""""",사업용,정회원,시장,비중앙,전북 정읍시 정우면
수력,주암,11250,2,22500,1991.4,수력,수력,-,대우중공업,Toshiba,수자원공사,6.6kV,사업용,정회원,시장,중앙,전남 순천시 주암면(섬진강수계 보성강 주암호)
수력,주암,1000,1,1000,2007.5,소수력,소수력,-,대양전기,대양전기,수자원공사,"""""",사업용,정회원,시장,비중앙,전남 순천시 주암면
수력,주암 역조정지댐,55,1,55,2012.11,소수력,소수력,-,금성E&C,현대중공업,수자원공사,"""""",사업용,정회원,시장,비중앙,전남 순천시 상사면
수력,죽산보,1220,1,1220,2011.12,소수력,소수력,-,Gugler,현대중공업,수자원공사,"""""",사업용,정회원,시장,비중앙,전북 나주시 다시면
수력,죽전,190,1,190,2014.6,소수력,소수력,-,대양수력,대양수력,농어촌공사,"""""",사업용,정회원,시장,비중앙,경남 합천군 가야면
수력,청평,19800,2,39600,1943.7～10,수력,수력,-,Hitachi,Hitachi,한수원,11kV,사업용,정회원,시장,중앙,경기 가평군 외서면(한강수계 북한강 청평호)
수력,청평,40500,1,40500,1968.4,수력,수력,-,Fuji,Fuji,한수원,11kV,사업용,정회원,시장,중앙,경기 가평군 외서면(한강수계 북한강 청평호)
수력,청평,60000,1,60000,2011.12,수력,수력,-,Fuji,Fuji,한수원,13.8kV,사업용,정회원,시장,중앙,경기 가평군 외서면(한강수계 북한강 청평호)
수력,춘천,31140,1,31140,1965.1,수력,수력,-,Toshiba,Toshiba,한수원,11kV,사업용,정회원,시장,중앙,강원 춘천시 신북읍/(한강수계 북한강 춘천호)
수력,춘천,31140,1,31140,1965.2,수력,수력,-,Toshiba,Toshiba,한수원,11kV,사업용,정회원,시장,중앙,강원 춘천시 신북읍/(한강수계 북한강 춘천호)
수력,충주,100000,2,200000,1985.5,수력,수력,-,Toshiba,Toshiba,수자원공사,13.8kV,사업용,정회원,시장,중앙,충북 충주시 동량면(한강수계 남한강 충주호)
수력,충주,100000,2,200000,1985.5,수력,수력,-,Toshiba,Toshiba,수자원공사,13.8kV,사업용,정회원,시장,중앙,충북 충주시 동량면(한강수계 남한강 충주호)
수력,충주,6000,1,6000,1985.7,수력,수력,-,Fuji,Fuji,수자원공사,13.8kV,사업용,정회원,시장,중앙,충북 충주시 동량면(한강수계 남한강 충주호)
수력,충주,6000,1,6000,1985.7,수력,수력,-,Fuji,Fuji,수자원공사,13.8kV,사업용,정회원,시장,중앙,충북 충주시 동량면(한강수계 남한강 충주호)
수력,충주3수력,5000,1,5000,2021.09,수력,수력,-,LITOSTROJ POWER,LITOSTROJ POWER,수자원공사,6.6kV,사업용,정회원,시장,비중앙,충북 충주시 금가면
수력,칠곡보,3000,1,3000,2012.6,소수력,소수력,-,Andritz,Andritz,수자원공사,"""""",사업용,정회원,시장,비중앙,경북 칠곡군 석적읍
수력,칠보,14400,1,14400,1945.4,수력,수력,-,MHI,MHI,한수원,11kV,사업용,정회원,시장,중앙,전북 정읍시 칠보면(섬진강수계 섬진강옥정호)
수력,칠보,14400,1,14600,1965.12,수력,수력,-,MHI,MHI,한수원,11kV,사업용,정회원,시장,중앙,전북 정읍시 칠보면(섬진강수계 섬진강옥정호)
수력,칠보,6000,1,6000,1985.3,수력,수력,-,MHI,MHI,한수원,11kV,사업용,정회원,시장,중앙,전북 정읍시 칠보면(섬진강수계 섬진강옥정호)
수력,탑정,320,1,320,2010.10,소수력,소수력,-,-,-,탑정,"""""",사업용,비회원,시장외,비중앙,충남 논산시 부적면
수력,태안 소수력#1,2200,1,2200,2008.6,소수력,소수력,수차: 대양전기,수문: 두산중공업,두산중공업,서부발전,"""""",사업용,정회원,시장,비중앙,충남 태안군 원북면
수력,태안 소수력#2,5000,1,5000,2021.5,소수력,소수력,-,삼영엠텍,효성,서부발전,"""""",사업용,정회원,시장,비중앙,충남 태안군 원북면
수력,토평,45,1,45,2011.12,소수력,소수력,-,-,-,한수원,"""""",사업용,비회원,시장외,비중앙,경기 구리시 수택동
수력,판교가압장,200,1,200,2011.8,소수력,소수력,-,Gugler,효성중공업,수자원공사,"""""",사업용,정회원,시장,비중앙,경기 성남시 분당구
수력,팔당,30000,4,120000,1973.12,수력,수력,-,CREUSOT LOIRE,JEUMONT SCHNEIDER,한수원,6kV,사업용,정회원,시장,중앙,경기 남양주시 조안면(한강수계 북한강 팔당호)
수력,하동호,825,1,825,2006.6,소수력,소수력,-,대양전기,대양전기,농어촌공사,"""""",사업용,정회원,시장,비중앙,경남 하동군 청암면
수력,한국해양 울돌목조류,1000,1,1000,2009.5,신재생,해양 에너지,-,-,-,한국해양과학기술원,"""""",사업용,정회원,시장,비중앙,전남 진도군 군내면
수력,한석,2214,1,,1989.4,소수력,소수력,-,Omy사,현대중공업,㈜한석에너지,"""""",사업용,정회원,시장,비중앙,충북 단양군 영춘면
수력,함안보,5000,1,5000,2012.3,소수력,소수력,-,Andritz,Andritz,수자원공사,"""""",사업용,정회원,시장,비중앙,경남 함안군 칠북면
수력,합천,50000,2,100000,1989.3,수력,수력,-,Fuji,Fuji,수자원공사,13.2kV,사업용,정회원,시장,중앙,경남 합천군 용주면(낙동강수계 황강 합천호)
수력,합천·창녕보,5000,1,5000,2012.6,소수력,소수력,-,Mavel,현대중공업,수자원공사,"""""",사업용,정회원,시장,비중앙,경남 합천군 청덕면
수력,합천2수력,1800,1,1800,2017.12,소수력,소수력,-,대양수력,대양수력,수자원공사,"""""",사업용,정회원,시장,비중앙,경남 합천군 용주면
수력,행원,60,1,60,2010.11,소수력,소수력,-,대양전기,대양전기,남부발전,"""""",사업용,정회원,시장,비중앙,제주 제주시 구좌읍
수력,홍익동진,850,1,850,2008.6,소수력,소수력,-,-,-,㈜홍익이앤알,"""""",사업용,정회원,시장,비중앙,전북 정읍시 칠보면
수력,화천,27000,2,54000,1944.10,수력,수력,-,Hitachi,Hitachi,한수원,11kV,사업용,정회원,시장,중앙,강원 화천군 간동면 (한강수계 북한강 파로호)
수력,화천,27000,1,27000,1957.11,수력,수력,-,Hitachi,Hitachi,한수원,11kV,사업용,정회원,시장,중앙,강원 화천군 간동면 (한강수계 북한강 파로호)
수력,화천,27000,1,27000,1968.6,수력,수력,-,Hitachi,Hitachi,한수원,11kV,사업용,정회원,시장,중앙,강원 화천군 간동면 (한강수계 북한강 파로호)
수력,횡성,1000,1,1000,2000.8,소수력,소수력,-,대양전기,대양전기,수자원공사,"""""",사업용,정회원,시장,비중앙,강원 횡성군 갑천면
수력,횡성댐2,300,1,300,2011.1,소수력,소수력,-,Ossberger,효성중공업,수자원공사,"""""",사업용,정회원,시장,비중앙,강원 횡성군 갑천면
양수,무주양수,300000,1,300000,1995.2,양수,양수,-,한중,한중,한수원,18kV,사업용,정회원,시장,중앙,전북 무주군 적상면
양수,무주양수,300000,1,300000,1995.4,양수,양수,-,한중,한중,한수원,18kV,사업용,정회원,시장,중앙,전북 무주군 적상면
양수,산청양수,350000,1,350000,2001.9,양수,양수,-,두산중공업,두산중공업,한수원,18kV,사업용,정회원,시장,중앙,경남 산청군 시천면
양수,산청양수,350000,1,350000,2001.11,양수,양수,-,두산중공업,두산중공업,한수원,18kV,사업용,정회원,시장,중앙,경남 산청군 시천면
양수,삼랑진양수,300000,1,300000,1985.11,양수,양수,-,Hitachi/한중,Fuji/한중,한수원,18kV,사업용,정회원,시장,중앙,경남 밀양시 삼랑진읍
양수,삼랑진양수,300000,1,300000,1985.12,양수,양수,-,Hitachi/한중,Fuji/한중,한수원,18kV,사업용,정회원,시장,중앙,경남 밀양시 삼랑진읍
양수,양양양수,250000,1,250000,2006.2,양수,양수,-,두산중공업,두산중공업,한수원,18kV,사업용,정회원,시장,중앙,강원 양양군 서면
양수,양양양수,250000,1,250000,2006.4,양수,양수,-,두산중공업,두산중공업,한수원,18kV,사업용,정회원,시장,중앙,강원 양양군 서면
양수,양양양수,250000,1,250000,2006.6,양수,양수,-,두산중공업,두산중공업,한수원,18kV,사업용,정회원,시장,중앙,강원 양양군 서면
양수,양양양수,250000,1,250000,2006.8,양수,양수,-,두산중공업,두산중공업,한수원,18kV,사업용,정회원,시장,중앙,강원 양양군 서면
양수,예천양수,400000,1,400000,2011.8,양수,양수,-,ALSTOM,ALSTOM,한수원,18kV,사업용,정회원,시장,중앙,경북 예천군 용문면
양수,예천양수,400000,1,400000,2011.10,양수,양수,-,ALSTOM,ALSTOM,한수원,18kV,사업용,정회원,시장,중앙,경북 예천군 용문면
양수,청송양수,300000,1,300000,2006.9,양수,양수,-,GE,GE,한수원,18kV,사업용,정회원,시장,중앙,경북 청송군 파천면
양수,청송양수,300000,1,300000,2006.12,양수,양수,-,GE,GE,한수원,18kV,사업용,정회원,시장,중앙,경북 청송군 파천면
양수,청평양수,200000,1,200000,1979.11,양수,양수,-,Fuji,Fuji,한수원,13.8kV,사업용,정회원,시장,중앙,경기 가평군 가평읍
양수,청평양수,200000,1,200000,1980.2,양수,양수,-,Fuji,Fuji,한수원,13.8kV,사업용,정회원,시장,중앙,경기 가평군 가평읍
원자력,고 리 #2,650000,1,650000,1983.7,PWR,농축U,WH,GEC(영),GEC(영),한수원㈜,22kV,사업용,정회원,시장,중앙,부산 기장군 장안읍 고리
원자력,고 리 #3,950000,1,950000,1985.9,PWR,농축U,WH,GEC(영),GEC(영),한수원㈜,22kV,사업용,정회원,시장,중앙,부산 기장군 장안읍 고리
원자력,고 리 #4,950000,1,950000,1986.4,PWR,농축U,WH,GEC(영),GEC(영),한수원㈜,22kV,사업용,정회원,시장,중앙,부산 기장군 장안읍 고리
원자력,신고리#1,1000000,1,1000000,2011.2,PWR,농축U,두중/GE,두중/GE,두중/GE,한수원㈜,22kV,사업용,정회원,시장,중앙,부산 기장군 장안읍 고리
원자력,신고리#2,1000000,1,1000000,2012.7,PWR,농축U,두중/GE,두중/GE,두중/GE,한수원㈜,22kV,사업용,정회원,시장,중앙,부산 기장군 장안읍 고리
원자력,신고리#3,1400000,1,1400000,2016.12,PWR,농축U,두산중공업,두산중공업,두산중공업,한수원㈜,24kV,사업용,정회원,시장,중앙,울산 울주군 서생면 신암리
원자력,신고리#4,1400000,1,1400000,2019.8,PWR,농축U,두산중공업,두산중공업,두산중공업,한수원㈜,24kV,사업용,정회원,시장,중앙,울산 울주군 서생면 신암리
원자력,신월성#1,1000000,1,1000000,2012.7,PWR,농축U,두중/GE,두중/GE,두중/GE,한수원㈜,22kV,사업용,정회원,시장,중앙,경북 경주시 양남면 나아리
원자력,신월성#2,1000000,1,1000000,2015.7,PWR,농축U,두중/GE,두중/GE,두중/GE,한수원㈜,22kV,사업용,정회원,시장,중앙,경북 경주시 양남면 나아리
원자력,신한울#1,1400000,1,1400000,2022.12,PWR,농축U,두산중공업,두산중공업,두산중공업,한수원㈜,24kV,사업용,정회원,시장,중앙,경북 울진군 북면 덕천리 및 고목리
원자력,신한울#2,1400000,1,1400000,2024.4,PWR,농축U,두산에너빌리티,두산에너빌리티,두산에너빌리티,한수원㈜,24kV,사업용,정회원,시장,중앙,경북 울진군 북면 덕천리 및 고목리
원자력,월 성 #2,700000,1,700000,1997.7,PHWR,천연U,AECL/한중/한원연,한중/GE,한중/GE,한수원㈜,22kV,사업용,정회원,시장,중앙,경북 경주시 양남면 나아리
원자력,월 성 #3,700000,1,700000,1998.7,PHWR,천연U,AECL/한중,한중/GE,한중/GE,한수원㈜,22kV,사업용,정회원,시장,중앙,경북 경주시 양남면 나아리
원자력,월 성 #4,700000,1,700000,1999.10,PHWR,천연U,AECL/한중,한중/GE,한중/GE,한수원㈜,22kV,사업용,정회원,시장,중앙,경북 경주시 양남면 나아리
원자력,한 빛 #1,950000,1,950000,1986.8,PWR,농축U,WH,WH,WH,한수원㈜,22kV,사업용,정회원,시장,중앙,전남 영광군 홍농읍 계마리
원자력,한 빛 #2,950000,1,950000,1987.6,PWR,농축U,WH,WH,WH,한수원㈜,22kV,사업용,정회원,시장,중앙,전남 영광군 홍농읍 계마리
원자력,한 빛 #3,1000000,1,1000000,1995.3,PWR,농축U,한중/한원연/CE,한중/GE,한중/GE,한수원㈜,22kV,사업용,정회원,시장,중앙,전남 영광군 홍농읍 계마리
원자력,한 빛 #4,1000000,1,1000000,1996.1,PWR,농축U,한중/한원연/CE,한중/GE,한중/GE,한수원㈜,22kV,사업용,정회원,시장,중앙,전남 영광군 홍농읍 계마리
원자력,한 빛 #5,1000000,1,1000000,2002.5,PWR,농축U,두산중공업,두산중공업,두산중공업,한수원㈜,22kV,사업용,정회원,시장,중앙,전남 영광군 홍농읍 계마리
원자력,한 빛 #6,1000000,1,1000000,2002.12,PWR,농축U,두산중공업,두산중공업,두산중공업,한수원㈜,22kV,사업용,정회원,시장,중앙,전남 영광군 홍농읍 계마리
원자력,한 울 #1,950000,1,950000,1988.9,PWR,농축U,Framatome,Alsthom,Alsthom,한수원㈜,22kV,사업용,정회원,시장,중앙,경북 울진군 북면 부구리
원자력,한 울 #2,950000,1,950000,1989.9,PWR,농축U,Framatome,Alsthom,Alsthom,한수원㈜,22kV,사업용,정회원,시장,중앙,경북 울진군 북면 부구리
원자력,한 울 #3,1000000,1,1000000,1998.8,PWR,농축U,한중/한기/CE,한중/GE,한중/GE,한수원㈜,22kV,사업용,정회원,시장,중앙,경북 울진군 북면 부구리
원자력,한 울 #4,1000000,1,1000000,1999.12,PWR,농축U,한중/한기/CE,한중/GE,한중/GE,한수원㈜,22kV,사업용,정회원,시장,중앙,경북 울진군 북면 부구리
원자력,한 울 #5,1000000,1,1000000,2004.7,PWR,농축U,두중/한기/CE,두중/GE,두중/GE,한수원㈜,22kV,사업용,정회원,시장,중앙,경북 울진군 북면 부구리
원자력,한 울 #6,1000000,1,1000000,2005.4,PWR,농축U,두중/한기/CE,두중/GE,두중/GE,한수원㈜,22kV,사업용,정회원,시장,중앙,경북 울진군 북면 부구리
집단에너지,SGC에너지 #1,54529,1,54529,2008.1,열병합,역청탄,현대중공업,Siemens,Siemens,에스지씨 에너지㈜ 군산사업부문,-,집단,정회원,시장,비중앙,전북 군산시 소룡동
집단에너지,SGC에너지 #2,30540,1,30540,2009.11,열병합,역청탄,현대중공업,Siemens,Siemens,에스지씨 에너지㈜ 군산사업부문,-,집단,정회원,시장,비중앙,전북 군산시 소룡동
집단에너지,SGC에너지 #5,28500,1,28500,2017.4,열병합,유연탄,-,Siemens,Siemens,에스지씨 에너지㈜ 군산사업부문,13.8kV,집단,정회원,시장,비중앙,전북 군산시 소룡동
집단에너지,광교열병합,102588,1,102588,2012.11,열병합,LNG,-,Siemens,Siemens,지역난방공사,13.8kV,집단,정회원,시장,중앙,경기 수원시 이의동
집단에너지,광교열병합,42200,1,42200,2012.11,열병합,LNG,한국 비엔텍,Siemens,ABB,지역난방공사,13.8kV,집단,정회원,시장,중앙,경기 수원시 이의동
집단에너지,구미열병합,97100,1,97100,1991.11,열병합,유연탄*,삼성중공업,ABB,ABB,㈜GS E&R,-,집단,정회원,시장,비중앙,경북 구미시 공단 2동
집단에너지,금호여수 열병합,119130,1,119130,2009.4,열병합,유연탄,스미토모(SHI),Fingspon,Siemens,금호석유화학 ㈜,-,집단,정회원,시장,비중앙,전남 여수시 화치동
집단에너지,금호여수 열병합,144970,1,144970,2016.2,열병합,유연탄,스미토모,Siemens,Siemens,금호석유화학 ㈜,13.8kV,집단,정회원,시장,비중앙,전남 여수시 화치동
집단에너지,김천열병합,59000,1,59000,2013.4,열병합,유연탄,-,-,-,김천에너지서비스㈜,-,집단,정회원,시장,비중앙,경북 김천시 응명동
집단에너지,김포열병합 GT,229620,1,229620,2023.7,열병합,LNG,두산에너빌리티,두산에너빌리티,두산에너빌리티,서부발전㈜,22kV,집단,정회원,시장,"""""",경기 김포시 양촌읍
집단에너지,김포열병합 ST,120840,1,120840,2023.7,열병합,LNG,두산에너빌리티,두산에너빌리티,두산에너빌리티,서부발전㈜,18kV,집단,정회원,시장,"""""",경기 김포시 양촌읍
집단에너지,내포그린열병합 GT,329000,1,329000,2023.5,열병합,LNG,GE,GE,GE,내포그린에너지㈜,26kV,집단,정회원,시장,"""""",층남 예산군 삽교읍
집단에너지,내포그린열병합 ST,166000,1,166000,2023.5,열병합,LNG,GE,GE,GE,내포그린에너지㈜,18kV,집단,정회원,시장,"""""",층남 예산군 삽교읍
집단에너지,노원열병합,37000,1,37000,1994.12,열병합,LNG,두산중공업,Mitusui,Meidensha,서울에너지공사,13.8kV,집단,정회원,시장,중앙,서울 노원구 상계동
집단에너지,논현열병합,24000,1,24000,2007.10,열병합,LNG,Yoshimine 동부중공업,Shinnippon,Shinnippon,㈜미래엔 인천에너지,13.8kV,집단,정회원,시장,중앙,인천 남동구 고잔동
집단에너지,대구그린파워,239900,1,239900,2014.12,열병합,LNG,-,Siemens,Siemens,대구그린 파워㈜,23kV,집단 ,정회원,시장,중앙,대구 동구 율암동
집단에너지,대구그린파워,130800,1,130800,2014.12,열병합,LNG,BHI,Siemens,Siemens,대구그린 파워㈜,23kV,집단 ,정회원,시장,중앙,대구 동구 율암동
집단에너지,대구열병합,43500,1,43500,1997.3,열병합,중유,대우중공업,KAWASAKI,GEC. Alsthom,지역난방 공사,13.8kV,집단,정회원,시장,중앙,대구 달서구 대천동
집단에너지,대구염색,72900,1,72900,2004.2,열병합,유연탄,FCB,Siemens,Siemens,대구염색산업단지관리공단,13.8kV,집단,정회원,시장,비중앙,대구 서구 평리동
집단에너지,대구염색,0,0,0,2004.2,열병합,유연탄,FCB,Siemens,Siemens,대구염색산업단지관리공단,13.8kV,집단,정회원,시장,비중앙,대구 서구 평리동
집단에너지,대구염색,0,0,0,2004.7,열병합,유연탄,FCB,Siemens,Siemens,대구염색산업단지관리공단,13.8kV,집단,정회원,시장,비중앙,대구 서구 평리동
집단에너지,대전서남부,48300,1,48300,2011.1,열병합,LNG,신텍,KAWASAKI ,Meidensha,토지주택공사,13.8kV,집단,정회원,시장,중앙,대전 유성구 원신흥동
집단에너지,대전열병합,88000,1,88000,1997.7,열병합,LPG*,현대중공업,ABB,ABB,대전열병합 발전㈜,13.8kV,집단,정회원,시장,중앙,대전 대덕구 신일동
집단에너지,데이원열병합,48400,1,48400,2013.3,열병합,유연탄,-,-,-,데이원에너지㈜,-,집단,정회원,시장,비중앙,전남 여수시 중흥동
집단에너지,동탄열병합#1 GT,246470,1,246470,2017.11,열병합,LNG,GE PSK,두산중공업,두산중공업,지역난방공사,18kV,집단,정회원,시장,중앙,경기 화성시 동탄기흥로
집단에너지,동탄열병합#1 ST,131910,1,131910,2017.11,열병합,LNG,GE PSK,두산중공업,두산중공업,지역난방공사,17kV,집단,정회원,시장,중앙,경기 화성시 동탄기흥로
집단에너지,동탄열병합#2 GT,246470,1,246470,2017.12,열병합,LNG,GE PSK,두산중공업,두산중공업,지역난방공사,18kV,집단,정회원,시장,중앙,경기 화성시 동탄기흥로
집단에너지,동탄열병합#2 ST,131910,1,131910,2017.12,열병합,LNG,GE PSK,두산중공업,두산중공업,지역난방공사,17kV,집단,정회원,시장,중앙,경기 화성시 동탄기흥로
집단에너지,명품오산열병합,289300,1,289300,2016.2,열병합,LNG,-,MHPS,MHPS,디에스파워㈜,20kV,집단,정회원,시장,중앙,경기 오산시 누읍동
집단에너지,명품오산열병합,146800,1,146800,2016.2,열병합,LNG,세대에너택㈜,MHPS,MHPS,디에스파워㈜,18kV,집단,정회원,시장,중앙,경기 오산시 누읍동
집단에너지,목동열병합,21000,1,21000,1987.12,열병합,LNG,두산중공업,Siemens,Siemens,서울에너지공사,13.8kV,집단,정회원,시장,중앙,서울 양천구 목동
집단에너지,무림파워텍열병합,26300,1,26300,1999.4,열병합,중유,KAWASAKI 동양보일러,KAWASAKI ,KAWASAKI ,무림파워텍㈜,11kV,집단,정회원,시장,중앙,경남 진주시 상대동
집단에너지,반월열병합,83455,1,83455,1990.8,열병합,유연탄,한중,ABB,ABB,㈜GS E&R,13.8kV,집단,정회원,시장,비중앙,경기 안산시 초지동
집단에너지,반월열병합,0,0,0,1990.8,열병합,유연탄,한중 ,머큐리,IBEAL,㈜GS E&R,13.8kV,집단,정회원,시장,비중앙,경기 안산시 초지동
집단에너지,반월열병합,0,0,0,2006.5,열병합,유연탄,한중,신일본제철,ABB,㈜GS E&R,13.8kV,집단,정회원,시장,비중앙,경기 안산시 초지동
집단에너지,별내열병합,40030,2,80060,2013.7,열병합,LNG,-,Siemens,ABB,별내에너지,13.8kV,집단,정회원,시장,중앙,경기 남양주시 별내동
집단에너지,별내열병합,35350,1,35350,2013.7,열병합,LNG,Seentec,mitsui-Alstom,TMEIC,별내에너지,13.8kV,집단,정회원,시장,중앙,경기 남양주시 별내동
집단에너지,부산염색,19000,1,19000,1993.2,열병합,유연탄,대우중공업,AE&E,Jeumento-Schneider,부산패션칼라산업협동조합,-,집단,정회원,시장,비중앙,부산 사하구 신평동
집단에너지,부천복합 GT,100000,2,200000,1993.1,열병합,LNG,-,WH,BRUSH,GS파워㈜,13.8kV,집단,정회원,시장,중앙,경기 부천시 삼정동
집단에너지,부천복합 GT,100000,1,100000,1993.2,열병합,LNG,-,WH,BRUSH,GS파워㈜,13.8kV,집단,정회원,시장,중앙,경기 부천시 삼정동
집단에너지,부천복합 ST,150000,1,150000,1993.11,열병합,LNG,MHI,MHI,WH,GS파워㈜,18kV,집단,정회원,시장,중앙,경기 부천시 삼정동
집단에너지,상공에너지열병합,9800,1,9800,2012.3,열병합,유연탄,-,-,-,㈜상공에너지,-,집단,정회원,시장,비중앙,전북 익산시 용제동
집단에너지,새만금열병합,151500,1,151500,2015.10,열병합,유연탄,두산중공업,두산중공업,두산중공업,OCI SE,17kV,집단,정회원,시장,비중앙,전북 군산시 오식도동
집단에너지,새만금열병합,151500,1,151500,2015.11,열병합,유연탄,두산중공업,두산중공업,두산중공업,OCI SE,17kV,집단,정회원,시장,비중앙,전북 군산시 오식도동
집단에너지,세종열병합,167104,2,334208,2013.11,열병합,LNG,-,두산중공업,두산중공업,중부발전㈜,18kV,집단,정회원,시장,중앙,세종시 가람동
집단에너지,세종열병합,196233,1,196233,2013.11,열병합,LNG,두산중공업,두산중공업,두산중공업,중부발전㈜,18kV,집단,정회원,시장,중앙,세종시 가람동
집단에너지,송도열병합,67450,2,134900,2010.4,열병합,LNG,세대에너텍,GE,GE,인천종합 에너지㈜,13.8kV,집단,정회원,시장,중앙,인천 연수구 송도동
집단에너지,송도열병합,52400,1,52400,2010.4,열병합,LNG,세대에너텍,GE,MHI,인천종합 에너지㈜,13.8kV,집단,정회원,시장,중앙,인천 연수구 송도동
집단에너지,수완에너지,40033,2,80066,2010.4(2013.3),열병합,LNG,-,Siemens,ABB,수완에너지㈜,13.8kV,집단,정회원,시장,중앙,광주 광산구 수완동
집단에너지,수완에너지,35180,1,35180,2010.4(2013.3),열병합,LNG,신텍,Mitsui,Melco,수완에너지㈜,13.8kV,집단,정회원,시장,중앙,광주 광산구 수완동
집단에너지,수원열병합,43200,1,43200,1997.12,열병합,중유,삼강수기,MHI,삼성중공업,지역난방 공사,13.8kV,집단,정회원,시장,중앙,경기 수원시 팔달구 영통동
집단에너지,신세종열병합 GT,395400,1,395400,2024.6,열병합,LNG,GE,GE,GE,남부발전(주),26kV,집단,정회원,시장,"""""",충남 세종시 누리동
집단에너지,신세종열병합 ST,201800,1,201800,2024.6,열병합,LNG,GE,두산에너빌리티,두산에너빌리티,남부발전(주),19kV,집단,정회원,시장,"""""",충남 세종시 누리동
집단에너지,신정열병합,6000,1,6000,2011.8,열병합,LNG,-,캐터필러,-,서울에너지공사,6.6kV,집단,정회원,시장,비중앙,서울 양천구 신월동
집단에너지,아산배방열병합,39650,2,79300,2011.1(2014.10),열병합,LNG,한국BNTC,Siemens,ABB,토지주택공사,13.8kV,집단 ,정회원,시장,중앙,충남 아산시 배방읍
집단에너지,아산배방열병합,22400,1,22400,2011.1(2014.10),열병합,LNG,"""""",SHINNIPPONMACHINERY,MEIDENSHA,토지주택공사,13.8kV,집단 ,정회원,시장,중앙,충남 아산시 배방읍
집단에너지,안산열병합,60000,1,60000,2001.7,열병합,LNG,대우,MHI,Alstom,안산 도시개발,13.8kV,집단,정회원,시장,중앙,경기 안산시 초지동
집단에너지,안양열병합#2-1 GT,320720,1,320720,2018.5,열병합,LNG,BHI,GE,GE,GS파워㈜,-,집단,정회원,시장,중앙,경기 안양시 평촌동
집단에너지,안양열병합#2-1 ST,160970,1,160970,2018.5,열병합,LNG,BHI,GE,GE,GS파워㈜,-,집단,정회원,시장,중앙,경기 안양시 평촌동
집단에너지,안양열병합#2-2 GT,320720,1,320720,2021.12,열병합,LNG,BHI,GE,GE,GS파워㈜,25kV,집단,정회원,시장,중앙,경기 안양시 평촌동
집단에너지,안양열병합#2-2 ST,160970,1,160970,2021.12,열병합,LNG,BHI,GE,GE,GS파워㈜,12kV,집단,정회원,시장,중앙,경기 안양시 평촌동
집단에너지,양산열병합 GT,78012,1,78012,2023.8,열병합,LNG,BHI,GE,GE,지역난방공사,13.8kV,집단,정회원,시장,"""""",경남 양산시 동면
집단에너지,양산열병합 ST,40960,1,40960,2023.8,열병합,LNG,BHI,Siemens,Siemens,지역난방공사,13.8kV,집단,정회원,시장,"""""",경남 양산시 동면
집단에너지,양주열병합,165000,2,330000,2014.4,열병합,LNG,-,두산중공업,두산중공업,대륜발전㈜,18kV,집단,정회원,시장,중앙,경기 양주시 옥정동
집단에너지,양주열병합,194300,1,194300,2014.4,열병합,LNG,두산중공업,두산중공업,두산중공업,대륜발전㈜,18kV,집단,정회원,시장,중앙,경기 양주시 옥정동
집단에너지,위례열병합,270400,1,270400,2017.4,열병합,LNG,Siemens,Siemens,Siemens,위례에너지서비스㈜,23kV,집단,정회원,시장,중앙,경기 하남시 위례대로4길
집단에너지,위례열병합,142200,1,142200,2017.4,열병합,LNG,Siemens,Siemens,Siemens,위례에너지서비스㈜,23kV,집단,정회원,시장,중앙,경기 하남시 위례대로4길
집단에너지,인천공항,47000,2,94000,2001.3,열병합,LNG,-,WH(GT),BRUSH,인천공항 에너지㈜,-,집단,정회원,시장,중앙,인천 중구 운서동
집단에너지,인천공항,33000,1,33000,2001.3,열병합,LNG,현대중공업,MHI(ST),Meidensha,인천공항 에너지㈜,-,집단,정회원,시장,중앙,인천 중구 운서동
집단에너지,전북집단 에너지,19000,1,19000,1992.4,열병합,유연탄,KAWASAKI ,KAWASAKI ,KAWASAKI ,전북집단 에너지㈜,-,집단,정회원,시장,비중앙,전북 익산시 신흥동
집단에너지,청주열병합,58300,1,58300,2000.10,열병합,중유,현대중공업,MHI,Melco,지역난방 공사,13.8kV,집단,정회원,시장,중앙,충북 청주시 흥덕구 죽림동
집단에너지,춘천열병합,287800,1,287800,2017.5,열병합,LNG,-,MHPS,MELCO,춘천에너지㈜,21kV,집단,정회원,시장,중앙,강원 춘천시 동산면
집단에너지,춘천열병합,143400,1,143400,2017.5,열병합,LNG,BHI,MHPS,MELCO,춘천에너지㈜,21kV,집단,정회원,시장,중앙,강원 춘천시 동산면
집단에너지,파주열병합,163400,2,326800,2011.1,열병합,LNG,-,MHI,Melco,지역난방공사,-,집단,정회원,시장,중앙,경기 파주시 교하읍
집단에너지,파주열병합,188700,1,188700,2011.1,열병합,LNG,범우중공업,MHI,Melco,지역난방공사,-,집단,정회원,시장,중앙,경기 파주시 교하읍
집단에너지,판교열병합,77863,1,77863,2010.10,열병합,LNG,대경기계기술,GE,GE,지역난방공사,13.8kV,집단,정회원,시장,중앙,경기 성남시 판교동
집단에너지,판교열병합,68451,1,68451,2010.10,열병합,LNG,대경기계기술,Mitsui,Melco,지역난방공사,13.8kV,집단,정회원,시장,중앙,경기 성남시 판교동
집단에너지,포천그린 에너지,169900,1,169900,2018.5,열병합,유연탄,신텍,Siemens,Siemens,지에스포천그린에너지,16.8kV,집단,정회원,시장,비중앙,경기 포천시 신북면
집단에너지,하남열병합,240750,1,240750,2015.10,열병합,LNG,두산중공업,두산중공업,두산중공업,나래에너지 서비스㈜,18kV,집단,정회원,시장,중앙,경기 하남시 풍산동
집단에너지,하남열병합,123061,1,123061,2015.10,열병합,LNG,두산중공업,두산중공업,두산중공업,나래에너지 서비스㈜,18kV,집단,정회원,시장,중앙,경기 하남시 풍산동
집단에너지,화성열병합,160800,2,321600,2007.11,열병합,LNG,-,MHI,-,지역난방 공사,18kV,집단,정회원,시장,중앙,경기 화성시 동탄면 
집단에너지,화성열병합,190200,1,190200,2007.11,열병합,LNG,"""""","""""","""""",지역난방 공사,16.5kV,집단,정회원,시장,중앙,경기 화성시 동탄면 
